"prod-descr";"prod-marca";"prod-URL";"prod-preco";"prod-detalhe";"prod-comentario";"prod-aval";"data_ref";"spo-temp";"spo-umid";"spo-uv";"bra-temp";"bra-umid";"bra-uv";"pve-temp";"pve-umid";"pve-uv";"flo-temp";"flo-umid";"flo-uv";"rj-temp";"rj-umid";"rj-uv"
" Peel Line  Prod-D Anti-Oleosidade FPS 50 - Protetor Solar Facial 50g ";" Peel Line ";"https://www.belezanaweb.com.br/peel-line-prodd-antioleosidade-fps-50-protetor-solar-facial-50g/";"103,90";"Protetor solar facial. Peel Line Prod-D Anti-Oleosidade FPS 50 previne a degradação de Colágeno na pele com toque seco e não pegajoso, garantindo proteção digital contra a luz azul e invisível e ação antipoluição, antioxidante, antioleosidade e antiacne.O Protetor Solar Facial Peel Line Prod-D Anti-Oleosidade FPS 50 é formulado com ativos antioxidantes que formam um filme de proteção sobre a pele prevenindo os indesejáveis danos dos radicais livres. Protege da radiação digital e da luz azul, prevenindo danos ocasionados pelo uso excessivo de celulares, tablets, computadores e TV. Dermatologicamente testado.";;"<!doctypehtml><htmldir=""ltr""lang=""pt-br""class=""""><head><metacharset=""UTF-8""><basehref=""/";"05/09/2024 08:12:25";20.4;60;8;16.3;55;8;26;84;8;16.2;82;4;21.3;100;8
" Darrow  Actine FPS60 - Protetor Solar com Cor 40g ";" Darrow ";"https://www.belezanaweb.com.br/darrow-actine-fps60-protetor-solar-com-cor-40g/";"76,90";"Filtro solar para peles oleosas e acneicas. Darrow Actine FPS60 garante ação antioleosidade, alta proteção e uniformização da pele.O Protetor Solar com Cor Darrow Actine FPS60 possui textura leve e toque seco. O produto faz parte do segmento Actine: a linha mais prescrita pelos dermatologistas e expert em oferecer os melhores cuidados em controle de oleosidade.O Protetor Solar Actine FPS60 além da altíssima proteção, conta ainda com ação direta no combate aos radicais livres - prevenindo o envelhecimento precoce - e tecnologia Smart Color, com cor que se adapta a todos os tons de pele. O resultado é de uma pele com tom igualado, proteção garantida e sensorial oil free.Actine é a linha Nº1 em prescrição dermatológica para peles oleosas.Fórmula hipoalergênica, livre de parabenos e perfume, não comedogênica e não testada em animais.";"o cheiro é horrível não gostei, e a textura na pele fica meio grosseira, não é um protetor leve.";"4.3";"05/09/2024 08:12:25";20.4;60;8;16.3;55;8;26;84;8;16.2;82;4;21.3;100;8
" Darrow  Actine FPS60 - Protetor Solar com Cor 40g ";" Darrow ";"https://www.belezanaweb.com.br/darrow-actine-fps60-protetor-solar-com-cor-40g/";"76,90";"Filtro solar para peles oleosas e acneicas. Darrow Actine FPS60 garante ação antioleosidade, alta proteção e uniformização da pele.O Protetor Solar com Cor Darrow Actine FPS60 possui textura leve e toque seco. O produto faz parte do segmento Actine: a linha mais prescrita pelos dermatologistas e expert em oferecer os melhores cuidados em controle de oleosidade.O Protetor Solar Actine FPS60 além da altíssima proteção, conta ainda com ação direta no combate aos radicais livres - prevenindo o envelhecimento precoce - e tecnologia Smart Color, com cor que se adapta a todos os tons de pele. O resultado é de uma pele com tom igualado, proteção garantida e sensorial oil free.Actine é a linha Nº1 em prescrição dermatológica para peles oleosas.Fórmula hipoalergênica, livre de parabenos e perfume, não comedogênica e não testada em animais.";"Adoro esse filtro, ótimo custo benefício, é leve (diferente da Vichy), pouco inferior ao da Isdin, mas não se compara ao custo. Dura minha pele que é mista cerca de 5h, depois ele vai sumindo a cor";"4.3";"05/09/2024 08:12:25";20.4;60;8;16.3;55;8;26;84;8;16.2;82;4;21.3;100;8
" Darrow  Actine FPS60 - Protetor Solar com Cor 40g ";" Darrow ";"https://www.belezanaweb.com.br/darrow-actine-fps60-protetor-solar-com-cor-40g/";"76,90";"Filtro solar para peles oleosas e acneicas. Darrow Actine FPS60 garante ação antioleosidade, alta proteção e uniformização da pele.O Protetor Solar com Cor Darrow Actine FPS60 possui textura leve e toque seco. O produto faz parte do segmento Actine: a linha mais prescrita pelos dermatologistas e expert em oferecer os melhores cuidados em controle de oleosidade.O Protetor Solar Actine FPS60 além da altíssima proteção, conta ainda com ação direta no combate aos radicais livres - prevenindo o envelhecimento precoce - e tecnologia Smart Color, com cor que se adapta a todos os tons de pele. O resultado é de uma pele com tom igualado, proteção garantida e sensorial oil free.Actine é a linha Nº1 em prescrição dermatológica para peles oleosas.Fórmula hipoalergênica, livre de parabenos e perfume, não comedogênica e não testada em animais.";"PERFEITO!!!";"4.3";"05/09/2024 08:12:25";20.4;60;8;16.3;55;8;26;84;8;16.2;82;4;21.3;100;8
" Darrow  Actine FPS60 - Protetor Solar com Cor 40g ";" Darrow ";"https://www.belezanaweb.com.br/darrow-actine-fps60-protetor-solar-com-cor-40g/";"76,90";"Filtro solar para peles oleosas e acneicas. Darrow Actine FPS60 garante ação antioleosidade, alta proteção e uniformização da pele.O Protetor Solar com Cor Darrow Actine FPS60 possui textura leve e toque seco. O produto faz parte do segmento Actine: a linha mais prescrita pelos dermatologistas e expert em oferecer os melhores cuidados em controle de oleosidade.O Protetor Solar Actine FPS60 além da altíssima proteção, conta ainda com ação direta no combate aos radicais livres - prevenindo o envelhecimento precoce - e tecnologia Smart Color, com cor que se adapta a todos os tons de pele. O resultado é de uma pele com tom igualado, proteção garantida e sensorial oil free.Actine é a linha Nº1 em prescrição dermatológica para peles oleosas.Fórmula hipoalergênica, livre de parabenos e perfume, não comedogênica e não testada em animais.";"Adorei a cor ficou ótima em mim, não deixou minha pele oleosa e proteje muito";"4.3";"05/09/2024 08:12:25";20.4;60;8;16.3;55;8;26;84;8;16.2;82;4;21.3;100;8
" Darrow  Actine FPS60 - Protetor Solar com Cor 40g ";" Darrow ";"https://www.belezanaweb.com.br/darrow-actine-fps60-protetor-solar-com-cor-40g/";"76,90";"Filtro solar para peles oleosas e acneicas. Darrow Actine FPS60 garante ação antioleosidade, alta proteção e uniformização da pele.O Protetor Solar com Cor Darrow Actine FPS60 possui textura leve e toque seco. O produto faz parte do segmento Actine: a linha mais prescrita pelos dermatologistas e expert em oferecer os melhores cuidados em controle de oleosidade.O Protetor Solar Actine FPS60 além da altíssima proteção, conta ainda com ação direta no combate aos radicais livres - prevenindo o envelhecimento precoce - e tecnologia Smart Color, com cor que se adapta a todos os tons de pele. O resultado é de uma pele com tom igualado, proteção garantida e sensorial oil free.Actine é a linha Nº1 em prescrição dermatológica para peles oleosas.Fórmula hipoalergênica, livre de parabenos e perfume, não comedogênica e não testada em animais.";"Mto bom, cobre bem as imperfeições, e não é oleoso na pele";"4.3";"05/09/2024 08:12:25";20.4;60;8;16.3;55;8;26;84;8;16.2;82;4;21.3;100;8
" La Roche-Posay  Anthelios Airlicium FPS 70 Cor 3.0 - Protetor Solar Facial com Cor 40g ";" La Roche-Posay ";"https://www.belezanaweb.com.br/la-rocheposay-anthelios-airlicium-fps-70-cor-30-protetor-solar-facial-com-cor-40g/";"102,90";"Protetor solar facial com cor. La Roche-Posay Anthelios Airlicium FPS 70 oferece cuidado diário para a pele e ação antioleosidade.O Protetor Solar Facial com Cor La Roche-Posay Anthelios Airlicium FPS 70 possui toque seco, rápida absorção e espalhabilidade, cobertura natural e uniforme. Sua fórmula conta com a Tecnologia Airlicium, que auxilia no controle da oleosidade e Água Termal de La Roche-Posay, com propriedades naturalmente calmantes e antioxidantes.";"Amo os produtos dessa marca, os que já usei são ótimos, e juntou produto bom e valor melhor ainda, não tem como ser ruim.";"4";"05/09/2024 08:12:25";20.4;60;8;16.3;55;8;26;84;8;16.2;82;4;21.3;100;8
" La Roche-Posay  Anthelios Airlicium FPS 70 Cor 3.0 - Protetor Solar Facial com Cor 40g ";" La Roche-Posay ";"https://www.belezanaweb.com.br/la-rocheposay-anthelios-airlicium-fps-70-cor-30-protetor-solar-facial-com-cor-40g/";"102,90";"Protetor solar facial com cor. La Roche-Posay Anthelios Airlicium FPS 70 oferece cuidado diário para a pele e ação antioleosidade.O Protetor Solar Facial com Cor La Roche-Posay Anthelios Airlicium FPS 70 possui toque seco, rápida absorção e espalhabilidade, cobertura natural e uniforme. Sua fórmula conta com a Tecnologia Airlicium, que auxilia no controle da oleosidade e Água Termal de La Roche-Posay, com propriedades naturalmente calmantes e antioxidantes.";"Preço ótimo, produto de boa cobertura";"4";"05/09/2024 08:12:25";20.4;60;8;16.3;55;8;26;84;8;16.2;82;4;21.3;100;8
" La Roche-Posay  Anthelios Airlicium FPS 70 Cor 3.0 - Protetor Solar Facial com Cor 40g ";" La Roche-Posay ";"https://www.belezanaweb.com.br/la-rocheposay-anthelios-airlicium-fps-70-cor-30-protetor-solar-facial-com-cor-40g/";"102,90";"Protetor solar facial com cor. La Roche-Posay Anthelios Airlicium FPS 70 oferece cuidado diário para a pele e ação antioleosidade.O Protetor Solar Facial com Cor La Roche-Posay Anthelios Airlicium FPS 70 possui toque seco, rápida absorção e espalhabilidade, cobertura natural e uniforme. Sua fórmula conta com a Tecnologia Airlicium, que auxilia no controle da oleosidade e Água Termal de La Roche-Posay, com propriedades naturalmente calmantes e antioxidantes.";"Nao tem cobertura , parece que acumula nos poros da pele , nao espalha direito , me arrependi de ter comprado . Foi por indicaçao de dermatologista , mas o produto nao entrega o que promete . e se voce transpirar , pior ainda , vai parecer que passou massa de modelar no rosto";"4";"05/09/2024 08:12:25";20.4;60;8;16.3;55;8;26;84;8;16.2;82;4;21.3;100;8
" La Roche-Posay  Anthelios Airlicium FPS 70 Cor 3.0 - Protetor Solar Facial com Cor 40g ";" La Roche-Posay ";"https://www.belezanaweb.com.br/la-rocheposay-anthelios-airlicium-fps-70-cor-30-protetor-solar-facial-com-cor-40g/";"102,90";"Protetor solar facial com cor. La Roche-Posay Anthelios Airlicium FPS 70 oferece cuidado diário para a pele e ação antioleosidade.O Protetor Solar Facial com Cor La Roche-Posay Anthelios Airlicium FPS 70 possui toque seco, rápida absorção e espalhabilidade, cobertura natural e uniforme. Sua fórmula conta com a Tecnologia Airlicium, que auxilia no controle da oleosidade e Água Termal de La Roche-Posay, com propriedades naturalmente calmantes e antioxidantes.";"Foi super facil de pedir e a entrega foi rápida, chegando na data que precisava antes de viajar. O produto é ótimo, é o que mais uso.";"4";"05/09/2024 08:12:25";20.4;60;8;16.3;55;8;26;84;8;16.2;82;4;21.3;100;8
" La Roche-Posay  Anthelios Airlicium FPS 70 Cor 3.0 - Protetor Solar Facial com Cor 40g ";" La Roche-Posay ";"https://www.belezanaweb.com.br/la-rocheposay-anthelios-airlicium-fps-70-cor-30-protetor-solar-facial-com-cor-40g/";"102,90";"Protetor solar facial com cor. La Roche-Posay Anthelios Airlicium FPS 70 oferece cuidado diário para a pele e ação antioleosidade.O Protetor Solar Facial com Cor La Roche-Posay Anthelios Airlicium FPS 70 possui toque seco, rápida absorção e espalhabilidade, cobertura natural e uniforme. Sua fórmula conta com a Tecnologia Airlicium, que auxilia no controle da oleosidade e Água Termal de La Roche-Posay, com propriedades naturalmente calmantes e antioxidantes.";"Não espalha bem e nem fixa/absorve direito. Se desfaz com suor. Não compraria novamente. Dinheiro jogado fora. Não recomendo";"4";"05/09/2024 08:12:25";20.4;60;8;16.3;55;8;26;84;8;16.2;82;4;21.3;100;8
" Cicatricure  Antissinais FPS50 Cor Média - Protetor Solar Facial com Cor 40g ";" Cicatricure ";"https://www.belezanaweb.com.br/cicatricure-antissinais-fps50-cor-media-protetor-solar-facial-com-cor-40g/";"61,45";"Protetor solar facial com cor. Previne os sinais visíveis do envelhecimento causados pelo sol, como rugas, linhas e marcas solares. O Protetor Solar Facial com Cor Cicatricure Antissinais FPS50 é ideal para uso diário e auxilia na prevenção dos sinais de envelhecimento relacionados à exposição solar, como marcas solares, rugas e linhas de expressão. Sua tecnologia foi desenvolvida para proporcionar uma alta proteção contra os raios UVA e UVB, graças à sua fórmula com Ácido Hialurônico e Pró-Colágeno. Ele também é dermatologicamente testado e resistente à água e ao suor. E por ter cor, oferece cobertura natural das imperfeições da pele, com um toque seco e efeito matte instantâneo.";;"<!doctypehtml><htmldir=""ltr""lang=""pt-br""class=""""><head><metacharset=""UTF-8""><basehref=""/";"05/09/2024 08:12:25";20.4;60;8;16.3;55;8;26;84;8;16.2;82;4;21.3;100;8
" Peel Line  Pro-D Anti Ox FPS 50 - Protetor Solar Facial 50g ";" Peel Line ";"https://www.belezanaweb.com.br/peel-line-prod-anti-ox-fps-50-protetor-solar-facial-50g/";"99,90";"Protetor solar facial. Peel Line Pro-D Anti Ox FPS 50 previne danos ao Colágeno e Elastina com toque seco e não pegajoso, com ação antioxidante, antiglicante, antipoluição e antirradicais livres.O Protetor Solar Facial Peel Line Pro-D Anti Ox FPS 50 é altamente concentrado, sendo o único no mercado com Vitamina D, que ajuda a proteger contra danos do sol, além de sua ação antipoluição e antiglicante, ideal para quem tem diabéticos. Dermatologicamente testado.";;"3";"05/09/2024 08:12:25";20.4;60;8;16.3;55;8;26;84;8;16.2;82;4;21.3;100;8
" Avène  Mat Perfect FPS 60 - Protetor Solar com Cor 40g ";" Avène ";"https://www.belezanaweb.com.br/avene-mat-perfect-fps-60-protetor-solar-com-cor-40g/";"93,90";"Protetor solar facial com cor, para peles sensíveis mistas a oleosas. Avène Mat Perfect Fluido com Cor FPS 60, ação matificante por 12 horas e uniformiza o tom da pele.O Protetor Solar Avène Mat Perfect Fluido com Cor FPS 60 possui textura oil-free de toque seco que o torna super confortável de usar. Além disso, traz uma tecnologia que absorve 3x mais rápido a oleosidade e 16x mais rápido o suor.Além de contar com um blend de pigmentos com alto poder de cobertura das irregularidades da pele e dos poros, esse protetor Avène possui uma fórmula rica em Pré-tocoferil, um potente antioxidante que age em sinergia com o Ascorbil Glucosídeo, precursor da vitamina C, para uma proteção reforçada contra os radicais livres.";"Faz 20 dias que estou usando ainda não da para avaliar.";"4.6";"05/09/2024 08:12:25";20.4;60;8;16.3;55;8;26;84;8;16.2;82;4;21.3;100;8
" Avène  Mat Perfect FPS 60 - Protetor Solar com Cor 40g ";" Avène ";"https://www.belezanaweb.com.br/avene-mat-perfect-fps-60-protetor-solar-com-cor-40g/";"93,90";"Protetor solar facial com cor, para peles sensíveis mistas a oleosas. Avène Mat Perfect Fluido com Cor FPS 60, ação matificante por 12 horas e uniformiza o tom da pele.O Protetor Solar Avène Mat Perfect Fluido com Cor FPS 60 possui textura oil-free de toque seco que o torna super confortável de usar. Além disso, traz uma tecnologia que absorve 3x mais rápido a oleosidade e 16x mais rápido o suor.Além de contar com um blend de pigmentos com alto poder de cobertura das irregularidades da pele e dos poros, esse protetor Avène possui uma fórmula rica em Pré-tocoferil, um potente antioxidante que age em sinergia com o Ascorbil Glucosídeo, precursor da vitamina C, para uma proteção reforçada contra os radicais livres.";"Meu protetor favorito. Deixa a pele bem uniforme, esconde manchas e ainda protege.";"4.6";"05/09/2024 08:12:25";20.4;60;8;16.3;55;8;26;84;8;16.2;82;4;21.3;100;8
" Avène  Mat Perfect FPS 60 - Protetor Solar com Cor 40g ";" Avène ";"https://www.belezanaweb.com.br/avene-mat-perfect-fps-60-protetor-solar-com-cor-40g/";"93,90";"Protetor solar facial com cor, para peles sensíveis mistas a oleosas. Avène Mat Perfect Fluido com Cor FPS 60, ação matificante por 12 horas e uniformiza o tom da pele.O Protetor Solar Avène Mat Perfect Fluido com Cor FPS 60 possui textura oil-free de toque seco que o torna super confortável de usar. Além disso, traz uma tecnologia que absorve 3x mais rápido a oleosidade e 16x mais rápido o suor.Além de contar com um blend de pigmentos com alto poder de cobertura das irregularidades da pele e dos poros, esse protetor Avène possui uma fórmula rica em Pré-tocoferil, um potente antioxidante que age em sinergia com o Ascorbil Glucosídeo, precursor da vitamina C, para uma proteção reforçada contra os radicais livres.";"Achei que o produto não entrega o que propõe, não é toque seco e também não tem o acabamento mate. Tem uma textura mais oleosa, quase como um protetor comum e o acabamento fica brilhoso, meio iluminado, não é mate! A cobertura da cor é mais líquida/fluída, cobre pouca coisa (eu tenho melasma e manchinhas) e a cor fica bem escura (pra mim que sou branquinha não dá pra usar só ele, porque fica como manchado, mais escuro). Então, comparando com outros protetores toques seco e mate, não cumpre o que promete.";"4.6";"05/09/2024 08:12:25";20.4;60;8;16.3;55;8;26;84;8;16.2;82;4;21.3;100;8
" Avène  Mat Perfect FPS 60 - Protetor Solar com Cor 40g ";" Avène ";"https://www.belezanaweb.com.br/avene-mat-perfect-fps-60-protetor-solar-com-cor-40g/";"93,90";"Protetor solar facial com cor, para peles sensíveis mistas a oleosas. Avène Mat Perfect Fluido com Cor FPS 60, ação matificante por 12 horas e uniformiza o tom da pele.O Protetor Solar Avène Mat Perfect Fluido com Cor FPS 60 possui textura oil-free de toque seco que o torna super confortável de usar. Além disso, traz uma tecnologia que absorve 3x mais rápido a oleosidade e 16x mais rápido o suor.Além de contar com um blend de pigmentos com alto poder de cobertura das irregularidades da pele e dos poros, esse protetor Avène possui uma fórmula rica em Pré-tocoferil, um potente antioxidante que age em sinergia com o Ascorbil Glucosídeo, precursor da vitamina C, para uma proteção reforçada contra os radicais livres.";"Achei ele bem parecido com o da Actine, porém, com o toque mais seco quando seca, o que eu destacaria como um ponto muito positivo. No entanto, achei a cobertura um pouco deficiente e acredito que poderia ser melhor";"4.6";"05/09/2024 08:12:25";20.4;60;8;16.3;55;8;26;84;8;16.2;82;4;21.3;100;8
" Avène  Mat Perfect FPS 60 - Protetor Solar com Cor 40g ";" Avène ";"https://www.belezanaweb.com.br/avene-mat-perfect-fps-60-protetor-solar-com-cor-40g/";"93,90";"Protetor solar facial com cor, para peles sensíveis mistas a oleosas. Avène Mat Perfect Fluido com Cor FPS 60, ação matificante por 12 horas e uniformiza o tom da pele.O Protetor Solar Avène Mat Perfect Fluido com Cor FPS 60 possui textura oil-free de toque seco que o torna super confortável de usar. Além disso, traz uma tecnologia que absorve 3x mais rápido a oleosidade e 16x mais rápido o suor.Além de contar com um blend de pigmentos com alto poder de cobertura das irregularidades da pele e dos poros, esse protetor Avène possui uma fórmula rica em Pré-tocoferil, um potente antioxidante que age em sinergia com o Ascorbil Glucosídeo, precursor da vitamina C, para uma proteção reforçada contra os radicais livres.";"Indicação da minha dermatologista para tratamento de pele acneica, a cor e bem leve e neutra. Perfeito";"4.6";"05/09/2024 08:12:25";20.4;60;8;16.3;55;8;26;84;8;16.2;82;4;21.3;100;8
" Sunmax  Sensitive FPS 30 - Protetor Solar 160ml ";" Sunmax ";"https://www.belezanaweb.com.br/sunmax-sensitive-fps-30-protetor-solar-160ml/";"98,90";"Protetor solar para pele sensível. Sunmax Sensitive FPS 30 oferece proteção alta proteção UVA e UVB, além de conferir ação hidratante.O Protetor Solar Sunmax Sensitive FPS 30 contém filtros solares que proporcionam à pele extremamente sensível proteção contra queimaduras solares, através do bloqueio da ação nociva da radiação UVA e UVB, além de hidratar por até? 8 horas devido a? exclusiva tecnologia SolHydra. Possui fórmula hipoalergênica, oil free e textura leve em gel-creme de rápida absorção.";"Ótimo preço.";"4.2";"05/09/2024 08:12:25";20.4;60;8;16.3;55;8;26;84;8;16.2;82;4;21.3;100;8
" Sunmax  Sensitive FPS 30 - Protetor Solar 160ml ";" Sunmax ";"https://www.belezanaweb.com.br/sunmax-sensitive-fps-30-protetor-solar-160ml/";"98,90";"Protetor solar para pele sensível. Sunmax Sensitive FPS 30 oferece proteção alta proteção UVA e UVB, além de conferir ação hidratante.O Protetor Solar Sunmax Sensitive FPS 30 contém filtros solares que proporcionam à pele extremamente sensível proteção contra queimaduras solares, através do bloqueio da ação nociva da radiação UVA e UVB, além de hidratar por até? 8 horas devido a? exclusiva tecnologia SolHydra. Possui fórmula hipoalergênica, oil free e textura leve em gel-creme de rápida absorção.";"PRODUTO DE OTIMA QUALIDADE";"4.2";"05/09/2024 08:12:25";20.4;60;8;16.3;55;8;26;84;8;16.2;82;4;21.3;100;8
" Sunmax  Sensitive FPS 30 - Protetor Solar 160ml ";" Sunmax ";"https://www.belezanaweb.com.br/sunmax-sensitive-fps-30-protetor-solar-160ml/";"98,90";"Protetor solar para pele sensível. Sunmax Sensitive FPS 30 oferece proteção alta proteção UVA e UVB, além de conferir ação hidratante.O Protetor Solar Sunmax Sensitive FPS 30 contém filtros solares que proporcionam à pele extremamente sensível proteção contra queimaduras solares, através do bloqueio da ação nociva da radiação UVA e UVB, além de hidratar por até? 8 horas devido a? exclusiva tecnologia SolHydra. Possui fórmula hipoalergênica, oil free e textura leve em gel-creme de rápida absorção.";"Achei oleoso. Deixa meu rosto todo branco.";"4.2";"05/09/2024 08:12:25";20.4;60;8;16.3;55;8;26;84;8;16.2;82;4;21.3;100;8
" Sunmax  Sensitive FPS 30 - Protetor Solar 160ml ";" Sunmax ";"https://www.belezanaweb.com.br/sunmax-sensitive-fps-30-protetor-solar-160ml/";"98,90";"Protetor solar para pele sensível. Sunmax Sensitive FPS 30 oferece proteção alta proteção UVA e UVB, além de conferir ação hidratante.O Protetor Solar Sunmax Sensitive FPS 30 contém filtros solares que proporcionam à pele extremamente sensível proteção contra queimaduras solares, através do bloqueio da ação nociva da radiação UVA e UVB, além de hidratar por até? 8 horas devido a? exclusiva tecnologia SolHydra. Possui fórmula hipoalergênica, oil free e textura leve em gel-creme de rápida absorção.";"Um quwrido meio seboso";"4.2";"05/09/2024 08:12:25";20.4;60;8;16.3;55;8;26;84;8;16.2;82;4;21.3;100;8
" Sunmax  Sensitive FPS 30 - Protetor Solar 160ml ";" Sunmax ";"https://www.belezanaweb.com.br/sunmax-sensitive-fps-30-protetor-solar-160ml/";"98,90";"Protetor solar para pele sensível. Sunmax Sensitive FPS 30 oferece proteção alta proteção UVA e UVB, além de conferir ação hidratante.O Protetor Solar Sunmax Sensitive FPS 30 contém filtros solares que proporcionam à pele extremamente sensível proteção contra queimaduras solares, através do bloqueio da ação nociva da radiação UVA e UVB, além de hidratar por até? 8 horas devido a? exclusiva tecnologia SolHydra. Possui fórmula hipoalergênica, oil free e textura leve em gel-creme de rápida absorção.";"Protetor leve, não oleoso, espalha bem . Recomendo.";"4.2";"05/09/2024 08:12:25";20.4;60;8;16.3;55;8;26;84;8;16.2;82;4;21.3;100;8
" Melora  Melora C Max Espuma FPS 50 - Protetor Solar Facial 45ml ";" Melora ";"https://www.belezanaweb.com.br/melora-melora-c-max-espuma-fps-50-protetor-solar-facial-45ml/";"341,48";"Protetor solar facial em espuma. Melora C Max Espuma FPS 50 é indicado para peles jovens, protege a pele dos danos causados pela exposição ao sol. O Protetor Solar Facial Melora C Max Espuma FPS 50 conta com ação antioxidante, previne o surgimento de rugas e linhas finas causadas pelo sol. Além de prevenir e proteger, ele regula a tonalidade de peles que apresentarem alterações e pequenas manchas, deixando com a textura e o tom mais uniforme. ";"Gosto muito desse produto. Foi a dermatologista que receitou.";"4";"05/09/2024 08:12:25";20.4;60;8;16.3;55;8;26;84;8;16.2;82;4;21.3;100;8
" Shiseido  BB For Sports FPS 50 Light - Base Líquida 30ml ";" Shiseido ";"https://www.belezanaweb.com.br/shiseido-bb-for-sports-fps-50-light-base-liquida-30ml/";"328,90";"Base líquida com proteção solar. Resistente à água, Shiseido BB For Sports foi feito especialmente para quem pratica esportes ao ar livre. Oferece um acabamento de BB cream superleve, que uniformiza e deixa a pele com uma cobertura natural. A Base Líquida Shiseido BB For Sports FPS 50 previne o envelhecimento precoce e os efeitos das agressões externas na pele ao mesmo tempo que proporciona uma boa cobertura, sem deixar um aspecto pegajoso. O protetor Shiseido Sport cria um filme poderoso que defende a pele dos raios UV e ainda tem uma tecnologia na fórmula que permite que quanto mais transpiração, mais forte seja a proteção.";"Produto maravilhoso, só poderia ser um pouco maior a embalagem, visto o valor do produto";"4.8";"05/09/2024 08:12:25";20.4;60;8;16.3;55;8;26;84;8;16.2;82;4;21.3;100;8
" Shiseido  BB For Sports FPS 50 Light - Base Líquida 30ml ";" Shiseido ";"https://www.belezanaweb.com.br/shiseido-bb-for-sports-fps-50-light-base-liquida-30ml/";"328,90";"Base líquida com proteção solar. Resistente à água, Shiseido BB For Sports foi feito especialmente para quem pratica esportes ao ar livre. Oferece um acabamento de BB cream superleve, que uniformiza e deixa a pele com uma cobertura natural. A Base Líquida Shiseido BB For Sports FPS 50 previne o envelhecimento precoce e os efeitos das agressões externas na pele ao mesmo tempo que proporciona uma boa cobertura, sem deixar um aspecto pegajoso. O protetor Shiseido Sport cria um filme poderoso que defende a pele dos raios UV e ainda tem uma tecnologia na fórmula que permite que quanto mais transpiração, mais forte seja a proteção.";"O melhor da vida dura dia inteiro e não deixa oleosa a pele é perfeito simplesmente. Vale cada centavo!";"4.8";"05/09/2024 08:12:25";20.4;60;8;16.3;55;8;26;84;8;16.2;82;4;21.3;100;8
" Shiseido  BB For Sports FPS 50 Light - Base Líquida 30ml ";" Shiseido ";"https://www.belezanaweb.com.br/shiseido-bb-for-sports-fps-50-light-base-liquida-30ml/";"328,90";"Base líquida com proteção solar. Resistente à água, Shiseido BB For Sports foi feito especialmente para quem pratica esportes ao ar livre. Oferece um acabamento de BB cream superleve, que uniformiza e deixa a pele com uma cobertura natural. A Base Líquida Shiseido BB For Sports FPS 50 previne o envelhecimento precoce e os efeitos das agressões externas na pele ao mesmo tempo que proporciona uma boa cobertura, sem deixar um aspecto pegajoso. O protetor Shiseido Sport cria um filme poderoso que defende a pele dos raios UV e ainda tem uma tecnologia na fórmula que permite que quanto mais transpiração, mais forte seja a proteção.";"Demora para sair da pele,quanto a proteção ainda não sei pois não fiquei exposta ao sol intenso enquanto usava ele. Shiseido realmente é outro nível!!";"4.8";"05/09/2024 08:12:25";20.4;60;8;16.3;55;8;26;84;8;16.2;82;4;21.3;100;8
" Shiseido  BB For Sports FPS 50 Light - Base Líquida 30ml ";" Shiseido ";"https://www.belezanaweb.com.br/shiseido-bb-for-sports-fps-50-light-base-liquida-30ml/";"328,90";"Base líquida com proteção solar. Resistente à água, Shiseido BB For Sports foi feito especialmente para quem pratica esportes ao ar livre. Oferece um acabamento de BB cream superleve, que uniformiza e deixa a pele com uma cobertura natural. A Base Líquida Shiseido BB For Sports FPS 50 previne o envelhecimento precoce e os efeitos das agressões externas na pele ao mesmo tempo que proporciona uma boa cobertura, sem deixar um aspecto pegajoso. O protetor Shiseido Sport cria um filme poderoso que defende a pele dos raios UV e ainda tem uma tecnologia na fórmula que permite que quanto mais transpiração, mais forte seja a proteção.";"A textura é boa, o cheiro agradável, e de fato seca rapidamente e quanto mais suor maior a aderência a pele. A única critica é ser mini.";"4.8";"05/09/2024 08:12:25";20.4;60;8;16.3;55;8;26;84;8;16.2;82;4;21.3;100;8
" Shiseido  BB For Sports FPS 50 Light - Base Líquida 30ml ";" Shiseido ";"https://www.belezanaweb.com.br/shiseido-bb-for-sports-fps-50-light-base-liquida-30ml/";"328,90";"Base líquida com proteção solar. Resistente à água, Shiseido BB For Sports foi feito especialmente para quem pratica esportes ao ar livre. Oferece um acabamento de BB cream superleve, que uniformiza e deixa a pele com uma cobertura natural. A Base Líquida Shiseido BB For Sports FPS 50 previne o envelhecimento precoce e os efeitos das agressões externas na pele ao mesmo tempo que proporciona uma boa cobertura, sem deixar um aspecto pegajoso. O protetor Shiseido Sport cria um filme poderoso que defende a pele dos raios UV e ainda tem uma tecnologia na fórmula que permite que quanto mais transpiração, mais forte seja a proteção.";"Comprei a cor Dark. Protege bastante, hidratante, o cheiro é maravilhoso, hidratante, sedoso, mas a cor transfere um pouco. O preço é salgado pela quantidade da embalagem que é bem pequena, parece amostra grátis só que sem ser grátis (30ml), mas cumpre bem sua função de ser a prova d’água e de suor. Parece make. Se fosse um frasco de 150/200ml poderia ser meu novo queridinho diário.";"4.8";"05/09/2024 08:12:25";20.4;60;8;16.3;55;8;26;84;8;16.2;82;4;21.3;100;8
" Cosmobeauty  Filtro Solar Blur M FPS 75 Peles Melasma 50g - Natural Original ";" Cosmobeauty ";"https://www.belezanaweb.com.br/mp158983-cosmobeauty-filtro-solar-blur-m-fps-75-peles-manchadas-50g-natural/";"191,99";"Filtro solar com base uniformizadora de alta cobertura indicada para proteção da pele que apresenta desordens pigmentares como melasmas, efélides (sardas) e pós inflamatórias.Disponível nas tonalidades: Natural, Bege, Bege Médio, Bronze e Chocolate.CARACTERÍSTICASResistente à água e ao suor. Tecnologia No Transfer: não transfere, não borra, não escorre.Dupla proteção: Proteção solar + Antipoluição.Possui um conjunto de ingredientes ativos que agem na prevenção e no clareamento de hipercromias faciais.Possui toque seco, rápida absorção e alta cobertura.Conceito Blur: Base corretiva de acabamento impecável. Resulta em uma pele uniforme, com alta cobertura de imperfeições como um efeito photoshop.ATIVOSPartículas Soft Focus High Tech: Disfarce óptico de imperfeições da pele.Ácido Hialurônico: Promove a hidratação e ação antienvelhecimento.Glycofilm: Possui ação antipoluição por atuar como um escudo protetor impedindo que partículas poluentes se aderem na pele.Glabridina: potente ação clareadora não sensibilizante, ação anti-inflamatória. Apresenta também fortes propriedades anti-envelhecimento e retratora de poros dilatados.Melanocontrol (Niacinamida + Alfa Arbutin): blend clareador de hipercromias cutâneas. Ação anti-inflamatória.";;"<!doctypehtml><htmldir=""ltr""lang=""pt-br""class=""""><head><metacharset=""UTF-8""><basehref=""/";"05/09/2024 08:12:25";20.4;60;8;16.3;55;8;26;84;8;16.2;82;4;21.3;100;8
" Peel Line  Scalp Umidificador Power Cachos 140ml ";" Peel Line ";"https://www.belezanaweb.com.br/mp200614-peel-line-scalp-umidificador-power-cachos-140ml/";"24,90";"Peel Line Scalp Umidificador Power Cachos 140mlPeel Line Scalp Umidificador Power Cachos 140ml Indicação:Para todos os tipos de cabelos.Benefícios:-Cabelos com cachos modelados;-Soltinhos;-Repleto de brilho.-Ph 5,5-6,5Modo De Usar:01. Com os cabelos secos, aplique o Umidificador de Cachos nas pontas.02. Amasse e modele com as mãos.03. Reaplique ao longo do dia sempre que desejar.04. Sem enxágue.Composição:Extrato de Acácia, Aloe Vera e Vitamina EGTIN:7898236945560Sobre A Marca:Peel Line uma empresa  brasileira e pioneira de Dermocosméticos Ortomoleculares com mais de 29 anos de mercado de estética para fezer as pessoas mais felizes.  Fórmulas ricas e criteriosamente desenvolvidas com o que há de mais moderno nos laboratórios nacionais e internacionais. Produtos eficazes, altamente concentrados para tratamento facial e corporal, que visam resgatar a saúde e o equilíbrio da pele. ";;"<!doctypehtml><htmldir=""ltr""lang=""pt-br""class=""""><head><metacharset=""UTF-8""><basehref=""/";"05/09/2024 08:12:25";20.4;60;8;16.3;55;8;26;84;8;16.2;82;4;21.3;100;8
" Divcom pharma  Imecap Face Creme Antirrugas Dia FPS 30 com 35g ";" Divcom pharma ";"https://www.belezanaweb.com.br/mp70294-imecap-face-creme-antirrugas-dia-fps-30-com-35g/";"49,60";"Imecap Face Creme Antirrugas Dia FPS 30 com 35gImecap® Face Creme Antirrugas Dia é um creme facial antirrugas com FPS 30. Um produto 2 em 1, enriquecido com Vitamina C que possui ação antioxidante, aumentando a firmeza e elasticidade da pele, prevenindo o envelhecimento precoce e diminuindo rugas e linhas de expressão. Sua formulação conta também com Ácido Hialurônico que hidrata a pele. Com fator de alta proteção UVA/UVB é perfeito para o seu dia a dia.Como usar: Com a pele limpa e seca, aplicar Imecap® Face Creme Antirrugas Dia ou Noite no rosto e pescoço massageando até completa absorção. Usar diariamente pela manhã ou à noite, respectivamente. Evitar a área de olhos e boca.";;"<!doctypehtml><htmldir=""ltr""lang=""pt-br""class=""""><head><metacharset=""UTF-8""><basehref=""/";"05/09/2024 08:12:25";20.4;60;8;16.3;55;8;26;84;8;16.2;82;4;21.3;100;8
" Beyoung  KIT BEYOUNG SKINCARE ANTIOXIDANTE - VITA C 18 30ML - GENTLE CLEANSER 90G - ESSENTIAL OIL CONTROL FPS 30 40G ";" Beyoung ";"https://www.belezanaweb.com.br/mp141779-kit-beyoung-skincare-antioxidante-vita-c-18-30ml-gentle-cleanser-90g-essential-oil-control-fps-30-40g/";"160,81";"Rotina potente e funcional com ação antioxidante.Prefere rotinas de skincare simples e rápidas, mas que funcionam de verdade? Então, essa aqui é para você!Em apenas três passos você vai conquistar: limpeza profunda, tratamento com ação antioxidante e proteção.Vita C 18 30ml: Se?rum com tripla ac?a?o antioxidante que previne o envelhecimento, reduz linhas finas e deixa sua pele mais uniforme, macia e iluminada.Gentle Cleanser 90g: Gel de limpeza suave multifuncional: limpa profundamente, sem ressecar ou agredir a barreira natural de proteção da pele. Tipos de pele: sensíveis, normais e secas.Essential Oil Control FPS 30 40g: Protetor solar com toque seco e efeito matte imediato que controla e trata a oleosidade. Tem textura fluída, rápida absorção e fácil de espalhar.";;"<!doctypehtml><htmldir=""ltr""lang=""pt-br""class=""""><head><metacharset=""UTF-8""><basehref=""/";"05/09/2024 08:12:25";20.4;60;8;16.3;55;8;26;84;8;16.2;82;4;21.3;100;8
" Cosmobeauty  Control Spec Filtro Solar Redutor de Poros FPS 40 30g - Bege ";" Cosmobeauty ";"https://www.belezanaweb.com.br/mp159058-control-spec-filtro-solar-redutor-de-poros-fps-40-30g-bege/";"154,99";"Control Spec Peles Oleosas Redutor de Poros FPS40 PPD20 atua na melhora global da oleosidade da pele. Formulado com ingredientes que reduzem o diâmetro dos poros e atenuam sua aparência, age também no controle da oleosidade mantendo a pele sem brilho e com efeito matificado.Escolha seu tom, diretamente no anúncio (Bege ou Natural)Reduz o diâmetro dos porosControla a oleosidade da peleToque secoEfeito MateResistente a águaReduz imperfeiçõesMelhora texturaNão comedogênicoLivre de conservanteLivre de fragrânciaLivre de corantesOil freeATIVOSNelupureÁcido Salicílicop-RefinylHidro-Sílica AntibrilhoCOMO USARAplicar diretamente sobre a face o Control Spec Peles Oleosas Redutor de Poros e massagear até completa absorção.Rentabilidade: Média de 90 aplicações";;"<!doctypehtml><htmldir=""ltr""lang=""pt-br""class=""""><head><metacharset=""UTF-8""><basehref=""/";"05/09/2024 08:12:25";20.4;60;8;16.3;55;8;26;84;8;16.2;82;4;21.3;100;8
" Sanavita  COLAGENO VERISOL - FRUTAS TROPICAIS - LATA 150 G ";" Sanavita ";"https://www.belezanaweb.com.br/mp36950-colageno-verisol-frutas-tropicais-lata-150-g/";"99,90";;"Simplesmente, MARAVILHOSO! Cabelo, pele e unhas, já estão bem melhor. Adorei!";"5";"05/09/2024 08:12:25";20.4;60;8;16.3;55;8;26;84;8;16.2;82;4;21.3;100;8
" Alva  Protetor Natural Stick FPS 45 - Sem Cor 16g - Sun ";" Alva ";"https://www.belezanaweb.com.br/mp255983-protetor-natural-stick-fps-45-sem-cor-16g-alva-sun/";"115,20";"Nosso protetor solar físico sem cor é formulado com óxido de zinco, oferecendo proteção natural contra os raios UV e UVA. Ele contém uma formulação única com ingredientes multifuncionais, como:- Esqualano: Auxilia na retenção de água da pele enquanto controla a oleosidade.- Óleo de jojoba: Fortalece a barreira protetora da pele, reduz o estresse oxidativo das células e estimula a produção de colágeno.Nosso protetor solar é vegano e 100% mineral. Com toque sequinho, se adapta facilmente a todos os tipos de pele, inclusive as oleosas e acneicas,sem deixar resíduos esbranquiçados na pele.";;"<!doctypehtml><htmldir=""ltr""lang=""pt-br""class=""""><head><metacharset=""UTF-8""><basehref=""/";"05/09/2024 08:12:25";20.4;60;8;16.3;55;8;26;84;8;16.2;82;4;21.3;100;8
" NeoStrata  Minesol Rosto & Corpo FPS30 - Protetor Solar Fluido Hidratante 200ml ";" NeoStrata ";"https://www.belezanaweb.com.br/neostrata-minesol-rosto-e-corpo-fps30-protetor-solar-fluido-hidratante-200ml/";"135,90";"Protetor solar para todos os tipos de pele. NeoStrata Minesol Rosto & Corpo FPS30 é resistente à água e ao suor, possui rápida absorção e pode ser usado tanto no rosto, quanto no corpo.O Protetor Solar Fluido Hidratante NeoStrata Minesol Rosto & Corpo FPS30 é um fluído hidratante oil free de rápida absorção que protege e hidrata a pele. Sua fórmula proporciona alta proteção contra os raios UVA e UVB, como queimaduras solares, envelhecimento prematuro da pele e manchas causadas pelo sol. Por ser Redutor de Linhas e antioxidante combate os radicais livres e agressões externas graças aos ativos dermatológicos Sepitonic e os filtros fotoestáveis do Extrato de Chá Verde combinados ao complexo de minerais energizantes com propriedades antiglicantes. Proporciona ação hidratante por até 8h, para a sensação de pele macia.O produto é oil free e espalha facilmente sobre a pele, sem deixar resíduos brancos, além disso, é muito resistente a água e ao suor. Dermatologicamente testado. Com fragrância.";"Comprei esse protetor para usar no rosto, sem muitas expectativas por se tratar de um produto para todos os tipos de pele, e minha pele sendo muito muito oleosa e acneica se adaptou bem, é só ter paciência de espalhar pois ele some na pele e deixa um toque aveludado e durante o dia não senti a pele mais oleosa, então ele está aprovado para usar no rosto, ótima qualidade com bom custo benefício!";"4.7";"05/09/2024 08:12:25";20.4;60;8;16.3;55;8;26;84;8;16.2;82;4;21.3;100;8
" NeoStrata  Minesol Rosto & Corpo FPS30 - Protetor Solar Fluido Hidratante 200ml ";" NeoStrata ";"https://www.belezanaweb.com.br/neostrata-minesol-rosto-e-corpo-fps30-protetor-solar-fluido-hidratante-200ml/";"135,90";"Protetor solar para todos os tipos de pele. NeoStrata Minesol Rosto & Corpo FPS30 é resistente à água e ao suor, possui rápida absorção e pode ser usado tanto no rosto, quanto no corpo.O Protetor Solar Fluido Hidratante NeoStrata Minesol Rosto & Corpo FPS30 é um fluído hidratante oil free de rápida absorção que protege e hidrata a pele. Sua fórmula proporciona alta proteção contra os raios UVA e UVB, como queimaduras solares, envelhecimento prematuro da pele e manchas causadas pelo sol. Por ser Redutor de Linhas e antioxidante combate os radicais livres e agressões externas graças aos ativos dermatológicos Sepitonic e os filtros fotoestáveis do Extrato de Chá Verde combinados ao complexo de minerais energizantes com propriedades antiglicantes. Proporciona ação hidratante por até 8h, para a sensação de pele macia.O produto é oil free e espalha facilmente sobre a pele, sem deixar resíduos brancos, além disso, é muito resistente a água e ao suor. Dermatologicamente testado. Com fragrância.";"Já uso o de rosto a anos, comprei esse de corpo agora para testar. Aparentemente é bom, não fica pegajoso, o cheiro é bem suave.";"4.7";"05/09/2024 08:12:25";20.4;60;8;16.3;55;8;26;84;8;16.2;82;4;21.3;100;8
" NeoStrata  Minesol Rosto & Corpo FPS30 - Protetor Solar Fluido Hidratante 200ml ";" NeoStrata ";"https://www.belezanaweb.com.br/neostrata-minesol-rosto-e-corpo-fps30-protetor-solar-fluido-hidratante-200ml/";"135,90";"Protetor solar para todos os tipos de pele. NeoStrata Minesol Rosto & Corpo FPS30 é resistente à água e ao suor, possui rápida absorção e pode ser usado tanto no rosto, quanto no corpo.O Protetor Solar Fluido Hidratante NeoStrata Minesol Rosto & Corpo FPS30 é um fluído hidratante oil free de rápida absorção que protege e hidrata a pele. Sua fórmula proporciona alta proteção contra os raios UVA e UVB, como queimaduras solares, envelhecimento prematuro da pele e manchas causadas pelo sol. Por ser Redutor de Linhas e antioxidante combate os radicais livres e agressões externas graças aos ativos dermatológicos Sepitonic e os filtros fotoestáveis do Extrato de Chá Verde combinados ao complexo de minerais energizantes com propriedades antiglicantes. Proporciona ação hidratante por até 8h, para a sensação de pele macia.O produto é oil free e espalha facilmente sobre a pele, sem deixar resíduos brancos, além disso, é muito resistente a água e ao suor. Dermatologicamente testado. Com fragrância.";"Cheiro muito bom, e o produto não é pegajoso.";"4.7";"05/09/2024 08:12:25";20.4;60;8;16.3;55;8;26;84;8;16.2;82;4;21.3;100;8
" Shiseido  BB For Sports FPS 50 Dark - Base Líquida 30ml ";" Shiseido ";"https://www.belezanaweb.com.br/shiseido-bb-for-sports-fps-50-dark-base-liquida-30ml/";"328,90";"Base líquida com proteção solar. Resistente à água, Shiseido BB For Sports foi feito especialmente para quem pratica esportes ao ar livre. Oferece um acabamento de BB cream superleve, que uniformiza e deixa a pele com uma cobertura natural. A Base Líquida Shiseido BB For Sports FPS 50 previne o envelhecimento precoce e os efeitos das agressões externas na pele ao mesmo tempo que proporciona uma boa cobertura, sem deixar um aspecto pegajoso. O protetor Shiseido Sport cria um filme poderoso que defende a pele dos raios UV e ainda tem uma tecnologia na fórmula que permite que quanto mais transpiração, mais forte seja a proteção.";"Produto maravilhoso, só poderia ser um pouco maior a embalagem, visto o valor do produto";"4.8";"05/09/2024 08:12:25";20.4;60;8;16.3;55;8;26;84;8;16.2;82;4;21.3;100;8
" Shiseido  BB For Sports FPS 50 Dark - Base Líquida 30ml ";" Shiseido ";"https://www.belezanaweb.com.br/shiseido-bb-for-sports-fps-50-dark-base-liquida-30ml/";"328,90";"Base líquida com proteção solar. Resistente à água, Shiseido BB For Sports foi feito especialmente para quem pratica esportes ao ar livre. Oferece um acabamento de BB cream superleve, que uniformiza e deixa a pele com uma cobertura natural. A Base Líquida Shiseido BB For Sports FPS 50 previne o envelhecimento precoce e os efeitos das agressões externas na pele ao mesmo tempo que proporciona uma boa cobertura, sem deixar um aspecto pegajoso. O protetor Shiseido Sport cria um filme poderoso que defende a pele dos raios UV e ainda tem uma tecnologia na fórmula que permite que quanto mais transpiração, mais forte seja a proteção.";"O melhor da vida dura dia inteiro e não deixa oleosa a pele é perfeito simplesmente. Vale cada centavo!";"4.8";"05/09/2024 08:12:25";20.4;60;8;16.3;55;8;26;84;8;16.2;82;4;21.3;100;8
" Shiseido  BB For Sports FPS 50 Dark - Base Líquida 30ml ";" Shiseido ";"https://www.belezanaweb.com.br/shiseido-bb-for-sports-fps-50-dark-base-liquida-30ml/";"328,90";"Base líquida com proteção solar. Resistente à água, Shiseido BB For Sports foi feito especialmente para quem pratica esportes ao ar livre. Oferece um acabamento de BB cream superleve, que uniformiza e deixa a pele com uma cobertura natural. A Base Líquida Shiseido BB For Sports FPS 50 previne o envelhecimento precoce e os efeitos das agressões externas na pele ao mesmo tempo que proporciona uma boa cobertura, sem deixar um aspecto pegajoso. O protetor Shiseido Sport cria um filme poderoso que defende a pele dos raios UV e ainda tem uma tecnologia na fórmula que permite que quanto mais transpiração, mais forte seja a proteção.";"Demora para sair da pele,quanto a proteção ainda não sei pois não fiquei exposta ao sol intenso enquanto usava ele. Shiseido realmente é outro nível!!";"4.8";"05/09/2024 08:12:25";20.4;60;8;16.3;55;8;26;84;8;16.2;82;4;21.3;100;8
" Shiseido  BB For Sports FPS 50 Dark - Base Líquida 30ml ";" Shiseido ";"https://www.belezanaweb.com.br/shiseido-bb-for-sports-fps-50-dark-base-liquida-30ml/";"328,90";"Base líquida com proteção solar. Resistente à água, Shiseido BB For Sports foi feito especialmente para quem pratica esportes ao ar livre. Oferece um acabamento de BB cream superleve, que uniformiza e deixa a pele com uma cobertura natural. A Base Líquida Shiseido BB For Sports FPS 50 previne o envelhecimento precoce e os efeitos das agressões externas na pele ao mesmo tempo que proporciona uma boa cobertura, sem deixar um aspecto pegajoso. O protetor Shiseido Sport cria um filme poderoso que defende a pele dos raios UV e ainda tem uma tecnologia na fórmula que permite que quanto mais transpiração, mais forte seja a proteção.";"A textura é boa, o cheiro agradável, e de fato seca rapidamente e quanto mais suor maior a aderência a pele. A única critica é ser mini.";"4.8";"05/09/2024 08:12:25";20.4;60;8;16.3;55;8;26;84;8;16.2;82;4;21.3;100;8
" Shiseido  BB For Sports FPS 50 Dark - Base Líquida 30ml ";" Shiseido ";"https://www.belezanaweb.com.br/shiseido-bb-for-sports-fps-50-dark-base-liquida-30ml/";"328,90";"Base líquida com proteção solar. Resistente à água, Shiseido BB For Sports foi feito especialmente para quem pratica esportes ao ar livre. Oferece um acabamento de BB cream superleve, que uniformiza e deixa a pele com uma cobertura natural. A Base Líquida Shiseido BB For Sports FPS 50 previne o envelhecimento precoce e os efeitos das agressões externas na pele ao mesmo tempo que proporciona uma boa cobertura, sem deixar um aspecto pegajoso. O protetor Shiseido Sport cria um filme poderoso que defende a pele dos raios UV e ainda tem uma tecnologia na fórmula que permite que quanto mais transpiração, mais forte seja a proteção.";"Comprei a cor Dark. Protege bastante, hidratante, o cheiro é maravilhoso, hidratante, sedoso, mas a cor transfere um pouco. O preço é salgado pela quantidade da embalagem que é bem pequena, parece amostra grátis só que sem ser grátis (30ml), mas cumpre bem sua função de ser a prova d’água e de suor. Parece make. Se fosse um frasco de 150/200ml poderia ser meu novo queridinho diário.";"4.8";"05/09/2024 08:12:25";20.4;60;8;16.3;55;8;26;84;8;16.2;82;4;21.3;100;8
" Cosmobeauty  Filtro Solar Blur A FPS 80 Anti Acne 50g - Bege ";" Cosmobeauty ";"https://www.belezanaweb.com.br/mp158905-cosmobeauty-filtro-solar-blur-a-fps-80-anti-acne-50g-bege/";"192,99";"BLUR A é um Protetor solar com FPS 80 e PPD 40, com toque seco, um protetor em forma de base corretiva, com alta cobertura, para disfarce e minimização das imperfeições da pele. Enriquecido com uma seleção de princípios ativos avançados com ação seborreguladora, antiacne, antioleosidade e retração dos poros cutâneos.Proporciona um tratamento multifuncional de proteção intensiva e controle inflamatório para a pele.Possui resistência à água, combate o envelhecimento, previne a pele das hipercromias e sequelas das peles oleosas e acneicas.PRINCIPAIS ATIVOSPartículas Soft Focus High Tech, Ácido Hialurônico, Niacinamida, Seborreguladores Orgânicos, EPS Seamat, Phycossacharide AC, UV Complex. Tecnologia: Ultra Protect ? 18 horas de proteção, BLUR ? Efeito Photoshop, Acne Control, Efeito Mate, Proteção Térmica, Antiglicante e Resistente a água.CARACTERÍSTICASTecnologia: Ultra Protect - 18 horas de proteção, BLUR - Efeito Photoshop, Acne Control, Efeito Mate, Proteção Térmica, Antiglicante e Resistente a água.INDICAÇÃOIndicado para a proteção, camuflagem e tratamento da pele oleosa, com presença de poros dilatados, cicatrizes e com tendência a acne.Recomendável para adolescentes e manifestações de acne adulta.";;"<!doctypehtml><htmldir=""ltr""lang=""pt-br""class=""""><head><metacharset=""UTF-8""><basehref=""/";"05/09/2024 08:12:25";20.4;60;8;16.3;55;8;26;84;8;16.2;82;4;21.3;100;8
" Neutrogena  Sun Fresh Derm Care FPS 70 - Protetor Solar Facial 40g ";" Neutrogena ";"https://www.belezanaweb.com.br/neutrogena-sun-fresh-derm-care-fps-70-protetor-solar-facial-40g/";"47,90";"Protetor solar para peles mistas e oleosas. Neutrogena Sun Fresh 70 protege dos raios UVA e UVB, sem deixar sensação pegajosa no rosto graças à textura ultraleve e sequinha. O Protetor Solar Neutrogena Sun Fresh Derm Care FPS 70 proporciona uma solução altamente eficaz contra o brilho excessivo enquanto garante alto fator de proteção. Neutrogena Sun Fresh possui textura ultraleve é rapidamente absorvida, garantindo o controle de oleosidade por 12 horas.A exclusiva tecnologia HELIOPLEX®XP oferece muito alta proteção ampla e eficaz contra os raios UVA, UVB e ajuda a proteger contra a luz visível. Ideal para prevenir manchas, envelhecimento e outros problemas de pele causados pela exposição solar. ";"Amei a textura, não deixou minha pele oleosa e tem um cheirinho bom. Ficou um pouco esbranquiçado quando passei, mas logo normalizou =) Amei! Não troco mais.";"4.7";"05/09/2024 08:12:25";20.4;60;8;16.3;55;8;26;84;8;16.2;82;4;21.3;100;8
" Neutrogena  Sun Fresh Derm Care FPS 70 - Protetor Solar Facial 40g ";" Neutrogena ";"https://www.belezanaweb.com.br/neutrogena-sun-fresh-derm-care-fps-70-protetor-solar-facial-40g/";"47,90";"Protetor solar para peles mistas e oleosas. Neutrogena Sun Fresh 70 protege dos raios UVA e UVB, sem deixar sensação pegajosa no rosto graças à textura ultraleve e sequinha. O Protetor Solar Neutrogena Sun Fresh Derm Care FPS 70 proporciona uma solução altamente eficaz contra o brilho excessivo enquanto garante alto fator de proteção. Neutrogena Sun Fresh possui textura ultraleve é rapidamente absorvida, garantindo o controle de oleosidade por 12 horas.A exclusiva tecnologia HELIOPLEX®XP oferece muito alta proteção ampla e eficaz contra os raios UVA, UVB e ajuda a proteger contra a luz visível. Ideal para prevenir manchas, envelhecimento e outros problemas de pele causados pela exposição solar. ";"Melhor protetor que ja usei sem duvidas";"4.7";"05/09/2024 08:12:25";20.4;60;8;16.3;55;8;26;84;8;16.2;82;4;21.3;100;8
" Neutrogena  Sun Fresh Derm Care FPS 70 - Protetor Solar Facial 40g ";" Neutrogena ";"https://www.belezanaweb.com.br/neutrogena-sun-fresh-derm-care-fps-70-protetor-solar-facial-40g/";"47,90";"Protetor solar para peles mistas e oleosas. Neutrogena Sun Fresh 70 protege dos raios UVA e UVB, sem deixar sensação pegajosa no rosto graças à textura ultraleve e sequinha. O Protetor Solar Neutrogena Sun Fresh Derm Care FPS 70 proporciona uma solução altamente eficaz contra o brilho excessivo enquanto garante alto fator de proteção. Neutrogena Sun Fresh possui textura ultraleve é rapidamente absorvida, garantindo o controle de oleosidade por 12 horas.A exclusiva tecnologia HELIOPLEX®XP oferece muito alta proteção ampla e eficaz contra os raios UVA, UVB e ajuda a proteger contra a luz visível. Ideal para prevenir manchas, envelhecimento e outros problemas de pele causados pela exposição solar. ";"É um produto com textura bem leve e que não deixa sensação de pegajoso!";"4.7";"05/09/2024 08:12:25";20.4;60;8;16.3;55;8;26;84;8;16.2;82;4;21.3;100;8
" Neutrogena  Sun Fresh Derm Care FPS 70 - Protetor Solar Facial 40g ";" Neutrogena ";"https://www.belezanaweb.com.br/neutrogena-sun-fresh-derm-care-fps-70-protetor-solar-facial-40g/";"47,90";"Protetor solar para peles mistas e oleosas. Neutrogena Sun Fresh 70 protege dos raios UVA e UVB, sem deixar sensação pegajosa no rosto graças à textura ultraleve e sequinha. O Protetor Solar Neutrogena Sun Fresh Derm Care FPS 70 proporciona uma solução altamente eficaz contra o brilho excessivo enquanto garante alto fator de proteção. Neutrogena Sun Fresh possui textura ultraleve é rapidamente absorvida, garantindo o controle de oleosidade por 12 horas.A exclusiva tecnologia HELIOPLEX®XP oferece muito alta proteção ampla e eficaz contra os raios UVA, UVB e ajuda a proteger contra a luz visível. Ideal para prevenir manchas, envelhecimento e outros problemas de pele causados pela exposição solar. ";"Deixa a pele oleosa, esbranquiçada (se esfregar muito ele vai esfarelar), arde muito nos olhos. Basicamente um Neostrata de baixo valor.";"4.7";"05/09/2024 08:12:25";20.4;60;8;16.3;55;8;26;84;8;16.2;82;4;21.3;100;8
" Neutrogena  Sun Fresh Derm Care FPS 70 - Protetor Solar Facial 40g ";" Neutrogena ";"https://www.belezanaweb.com.br/neutrogena-sun-fresh-derm-care-fps-70-protetor-solar-facial-40g/";"47,90";"Protetor solar para peles mistas e oleosas. Neutrogena Sun Fresh 70 protege dos raios UVA e UVB, sem deixar sensação pegajosa no rosto graças à textura ultraleve e sequinha. O Protetor Solar Neutrogena Sun Fresh Derm Care FPS 70 proporciona uma solução altamente eficaz contra o brilho excessivo enquanto garante alto fator de proteção. Neutrogena Sun Fresh possui textura ultraleve é rapidamente absorvida, garantindo o controle de oleosidade por 12 horas.A exclusiva tecnologia HELIOPLEX®XP oferece muito alta proteção ampla e eficaz contra os raios UVA, UVB e ajuda a proteger contra a luz visível. Ideal para prevenir manchas, envelhecimento e outros problemas de pele causados pela exposição solar. ";"Arrisco a dizer que é o melhor protetor que eu ja usei , moro no MT faz 45º na sombra e achei ele bem sequinho (eu tenho a pele seca) !!";"4.7";"05/09/2024 08:12:25";20.4;60;8;16.3;55;8;26;84;8;16.2;82;4;21.3;100;8
" NIVEA  SUN Beauty Expert Pele Equilibrada à Seca FPS 60 - Protetor Solar Facial 50g ";" NIVEA ";"https://www.belezanaweb.com.br/nivea-sun-beauty-pele-equilibrada-a-seca-fps-60-protetor-solar-facial-50g/";"83,68";"Protetor solar facial para pele equilibrada à seca. NIVEA SUN Beauty Expert FPS 60* possui fórmula com Q10, que oferece ação antioxidante, e tem poder hidratante com toque de seda.O Protetor Solar Facial NIVEA SUN Beauty Expert Facial FPS 60* apresenta uma combinação que une alta proteção UVA/UVB com cuidados específicos da Pele Equilibrada a seca. Assim, garante uma poderosa ação para prevenir o envelhecimento da pele causado pela exposição solar.Fórmula dermatologicamente testada, de textura leve e rápida absorção*Atenção: Você poderá receber o produto com a embalagem antiga e fórmula com FPS 50 enquanto durarem os estoques.";"Excelente, pele super sequinha, protege muito!";"5";"05/09/2024 08:12:25";20.4;60;8;16.3;55;8;26;84;8;16.2;82;4;21.3;100;8
" NIVEA  SUN Beauty Expert Pele Equilibrada à Seca FPS 60 - Protetor Solar Facial 50g ";" NIVEA ";"https://www.belezanaweb.com.br/nivea-sun-beauty-pele-equilibrada-a-seca-fps-60-protetor-solar-facial-50g/";"83,68";"Protetor solar facial para pele equilibrada à seca. NIVEA SUN Beauty Expert FPS 60* possui fórmula com Q10, que oferece ação antioxidante, e tem poder hidratante com toque de seda.O Protetor Solar Facial NIVEA SUN Beauty Expert Facial FPS 60* apresenta uma combinação que une alta proteção UVA/UVB com cuidados específicos da Pele Equilibrada a seca. Assim, garante uma poderosa ação para prevenir o envelhecimento da pele causado pela exposição solar.Fórmula dermatologicamente testada, de textura leve e rápida absorção*Atenção: Você poderá receber o produto com a embalagem antiga e fórmula com FPS 50 enquanto durarem os estoques.";"eu recebi de brinde, um sachê desse produto e adorei a sensação de maciez que ele deixa na pele! É um protetor sequinho com sensação de hidratante! irei comprar sempre.";"5";"05/09/2024 08:12:25";20.4;60;8;16.3;55;8;26;84;8;16.2;82;4;21.3;100;8
" NIVEA  SUN Beauty Expert Pele Equilibrada à Seca FPS 60 - Protetor Solar Facial 50g ";" NIVEA ";"https://www.belezanaweb.com.br/nivea-sun-beauty-pele-equilibrada-a-seca-fps-60-protetor-solar-facial-50g/";"83,68";"Protetor solar facial para pele equilibrada à seca. NIVEA SUN Beauty Expert FPS 60* possui fórmula com Q10, que oferece ação antioxidante, e tem poder hidratante com toque de seda.O Protetor Solar Facial NIVEA SUN Beauty Expert Facial FPS 60* apresenta uma combinação que une alta proteção UVA/UVB com cuidados específicos da Pele Equilibrada a seca. Assim, garante uma poderosa ação para prevenir o envelhecimento da pele causado pela exposição solar.Fórmula dermatologicamente testada, de textura leve e rápida absorção*Atenção: Você poderá receber o produto com a embalagem antiga e fórmula com FPS 50 enquanto durarem os estoques.";"Excelente para quem tem a pele seca, não é oleoso e espalha bem. A textura é muito boa, não fico mais sem.";"5";"05/09/2024 08:12:25";20.4;60;8;16.3;55;8;26;84;8;16.2;82;4;21.3;100;8
" NIVEA  SUN Beauty Expert Pele Equilibrada à Seca FPS 60 - Protetor Solar Facial 50g ";" NIVEA ";"https://www.belezanaweb.com.br/nivea-sun-beauty-pele-equilibrada-a-seca-fps-60-protetor-solar-facial-50g/";"83,68";"Protetor solar facial para pele equilibrada à seca. NIVEA SUN Beauty Expert FPS 60* possui fórmula com Q10, que oferece ação antioxidante, e tem poder hidratante com toque de seda.O Protetor Solar Facial NIVEA SUN Beauty Expert Facial FPS 60* apresenta uma combinação que une alta proteção UVA/UVB com cuidados específicos da Pele Equilibrada a seca. Assim, garante uma poderosa ação para prevenir o envelhecimento da pele causado pela exposição solar.Fórmula dermatologicamente testada, de textura leve e rápida absorção*Atenção: Você poderá receber o produto com a embalagem antiga e fórmula com FPS 50 enquanto durarem os estoques.";"O melhor protetor solar facial que já usei! Deixa a pele muito macia e hidratada, com um toque de seda realmente. A fórmula é leve e o cheiro muito bom!";"5";"05/09/2024 08:12:25";20.4;60;8;16.3;55;8;26;84;8;16.2;82;4;21.3;100;8
" Libbs  Filtrum Ultra Seco FPS30 - Protetor Solar Facial 60g ";" Libbs ";"https://www.belezanaweb.com.br/libbs-filtrum-ultra-seco-fps30-protetor-solar-facial-60g/";"66,15";"Protetor solar facial para peles oleosas. Libbs Filtrum Ultra Seco FPS30 protege o rosto e diminui a oleosidade da pele.O Protetor Solar Facial Libbs Filtrum Ultra Seco FPS30 protege a pele contra os raios solares sem aumentar a oleosidade. Sua textura possui um toque aveludado que não resseca a pele. Ele é dermatologicamente e oftalmologicamente testado, não contém fragrância, é hipoalergênico e seu uso não provoca cravos.";"Melhor protetor para pele Oleosa , uso tem 5 anos e nao troco por nenhum, ja usei varias marcas mas esse e o Melhor sem dúvida. Arapiraca Al";"4.7";"05/09/2024 08:12:25";20.4;60;8;16.3;55;8;26;84;8;16.2;82;4;21.3;100;8
" Libbs  Filtrum Ultra Seco FPS30 - Protetor Solar Facial 60g ";" Libbs ";"https://www.belezanaweb.com.br/libbs-filtrum-ultra-seco-fps30-protetor-solar-facial-60g/";"66,15";"Protetor solar facial para peles oleosas. Libbs Filtrum Ultra Seco FPS30 protege o rosto e diminui a oleosidade da pele.O Protetor Solar Facial Libbs Filtrum Ultra Seco FPS30 protege a pele contra os raios solares sem aumentar a oleosidade. Sua textura possui um toque aveludado que não resseca a pele. Ele é dermatologicamente e oftalmologicamente testado, não contém fragrância, é hipoalergênico e seu uso não provoca cravos.";"É o melhor protetor para pele oleosa, deixa sequinho totalmente matte. Único porém é ser difícil de espalhar, textura mais consistente, acaba não durando tanto mesmo com 60g - uso outros protetores no rosto e deixo esse para a zona T, já que nenhum outro segura a oleosidade assim.";"4.7";"05/09/2024 08:12:25";20.4;60;8;16.3;55;8;26;84;8;16.2;82;4;21.3;100;8
" Libbs  Filtrum Ultra Seco FPS30 - Protetor Solar Facial 60g ";" Libbs ";"https://www.belezanaweb.com.br/libbs-filtrum-ultra-seco-fps30-protetor-solar-facial-60g/";"66,15";"Protetor solar facial para peles oleosas. Libbs Filtrum Ultra Seco FPS30 protege o rosto e diminui a oleosidade da pele.O Protetor Solar Facial Libbs Filtrum Ultra Seco FPS30 protege a pele contra os raios solares sem aumentar a oleosidade. Sua textura possui um toque aveludado que não resseca a pele. Ele é dermatologicamente e oftalmologicamente testado, não contém fragrância, é hipoalergênico e seu uso não provoca cravos.";"Utilizo há uns 2 anos por indicação da dermato. Realmente é o único que deixa minha pele seca durante umas duas horas. Tenho uma pele com rosácea, pouco hidratada naturalmente, mas muito oleosa no rosto todo, especialmente na zona T, a ponto de sair do banho e em 10 minutos estar brilhando. Todos os outros filtros que tentei, já na hora da aplicação, me deixam com a pele pegajosa, na época verão chuvoso. Esse, pelo menos, me dá uma autonomia um pouco maior. A única questão que podia melhorar era o fatores de proteção.";"4.7";"05/09/2024 08:12:25";20.4;60;8;16.3;55;8;26;84;8;16.2;82;4;21.3;100;8
" Libbs  Filtrum Ultra Seco FPS30 - Protetor Solar Facial 60g ";" Libbs ";"https://www.belezanaweb.com.br/libbs-filtrum-ultra-seco-fps30-protetor-solar-facial-60g/";"66,15";"Protetor solar facial para peles oleosas. Libbs Filtrum Ultra Seco FPS30 protege o rosto e diminui a oleosidade da pele.O Protetor Solar Facial Libbs Filtrum Ultra Seco FPS30 protege a pele contra os raios solares sem aumentar a oleosidade. Sua textura possui um toque aveludado que não resseca a pele. Ele é dermatologicamente e oftalmologicamente testado, não contém fragrância, é hipoalergênico e seu uso não provoca cravos.";"O melhor protetor que já usei. Único que não deixa minha pele oleosa. E olha que nos últimos meses tentei outros, buscando um fator de proteção mais alto";"4.7";"05/09/2024 08:12:25";20.4;60;8;16.3;55;8;26;84;8;16.2;82;4;21.3;100;8
" Libbs  Filtrum Ultra Seco FPS30 - Protetor Solar Facial 60g ";" Libbs ";"https://www.belezanaweb.com.br/libbs-filtrum-ultra-seco-fps30-protetor-solar-facial-60g/";"66,15";"Protetor solar facial para peles oleosas. Libbs Filtrum Ultra Seco FPS30 protege o rosto e diminui a oleosidade da pele.O Protetor Solar Facial Libbs Filtrum Ultra Seco FPS30 protege a pele contra os raios solares sem aumentar a oleosidade. Sua textura possui um toque aveludado que não resseca a pele. Ele é dermatologicamente e oftalmologicamente testado, não contém fragrância, é hipoalergênico e seu uso não provoca cravos.";"Eu uso esse protetor solar a anos, ele segura a oleosidade e protege muito! Recomendo";"4.7";"05/09/2024 08:12:25";20.4;60;8;16.3;55;8;26;84;8;16.2;82;4;21.3;100;8
" FQM  Protetor Solar Heliomax FPS 50 Fluido Sem Cor 50g ";" FQM ";"https://www.belezanaweb.com.br/mp138963-protetor-solar-heliomax-fps-50-fluido-sem-cor-50g/";"85,43";"
         Protetor Solar Heliomax FPS 50 Fluido 50g
        ";;"<!doctypehtml><htmldir=""ltr""lang=""pt-br""class=""""><head><metacharset=""UTF-8""><basehref=""/";"05/09/2024 08:12:25";20.4;60;8;16.3;55;8;26;84;8;16.2;82;4;21.3;100;8
" Cosmobeauty  Filtro Solar Stick Blur FPS 75 PPD 25 - 18g - Bege ";" Cosmobeauty ";"https://www.belezanaweb.com.br/mp159065-cosmobeauty-filtro-solar-stick-blur-fps-75-ppd-25-18g-bege/";"154,99";" STICK BLUR FPS 75 PPD 25 - Base Stick com Ação Corretiva e Fotoprotetora, com a maior proteção do mercado!Corrige + Elimina Imperfeições + Protege + Toque Seco + Alta Cobertura + Resistente a Água + Efeito Mate Antibrilho + Rápida Secagem + Fácil Aplicação + Auxilia na Renovação da Pele.Possui alta cobertura como um efeito photoshop. Disfarça e camufla imperfeições como acnes, pequenas cicatrizes, poros dilatados, hipercromias, e, olheiras; toque seco e secagem rápida.ATIVOSRetinol, Vitamina E e Sílicas Antibrilho.COMO USARAplicar uma camada uniforme em todo o rosto. Reaplicar se necessário.Rentabilidade: Média de 100 aplicações";"Não deveria falará produtos top adorei";"5";"05/09/2024 08:12:25";20.4;60;8;16.3;55;8;26;84;8;16.2;82;4;21.3;100;8
" Anasol  Multifunção FPS 60 Base Média - Protetor Solar com Cor 60g ";" Anasol ";"https://www.belezanaweb.com.br/anasol-multifuncao-fps-60-base-media-protetor-solar-com-cor-60g/";"98,99";"Protetor solar facial com cor. Anasol Multifunção FPS60 mantém o rosto hidratado e protegido contra os raios ultravioletas e luz visível. Protetor Solar Anasol Multifunção FPS60 uniformiza, possui ação clareadora e não obstrui os poros graças à sua fórmula oil free. Hipoalergênico, ele não causa irritações ou alergias na pele, e é perfeito para otimizar a rotina de quem tem a vida agitada, pois ele funciona como uma base de maquiagem. Assim, você fica com a pele sem imperfeições e ainda cria o hábito de passar filtro solar todos os dias no rosto. ";"Não craquela, fica uma cobertura bem natural.";"5";"05/09/2024 08:12:25";20.4;60;8;16.3;55;8;26;84;8;16.2;82;4;21.3;100;8
" Anasol  Multifunção FPS 60 Base Média - Protetor Solar com Cor 60g ";" Anasol ";"https://www.belezanaweb.com.br/anasol-multifuncao-fps-60-base-media-protetor-solar-com-cor-60g/";"98,99";"Protetor solar facial com cor. Anasol Multifunção FPS60 mantém o rosto hidratado e protegido contra os raios ultravioletas e luz visível. Protetor Solar Anasol Multifunção FPS60 uniformiza, possui ação clareadora e não obstrui os poros graças à sua fórmula oil free. Hipoalergênico, ele não causa irritações ou alergias na pele, e é perfeito para otimizar a rotina de quem tem a vida agitada, pois ele funciona como uma base de maquiagem. Assim, você fica com a pele sem imperfeições e ainda cria o hábito de passar filtro solar todos os dias no rosto. ";"Otima textura, cheirinho suave, nao irrita a pele e não pesa como base. Recomendo passar apos um hidratante ou com as mãos levemente umidas, pois se a pele estiver muito seca, o protetor logo seca na pele, deixando marcas e um pouco esfarelado.";"5";"05/09/2024 08:12:25";20.4;60;8;16.3;55;8;26;84;8;16.2;82;4;21.3;100;8
" Anasol  Multifunção FPS 60 Base Média - Protetor Solar com Cor 60g ";" Anasol ";"https://www.belezanaweb.com.br/anasol-multifuncao-fps-60-base-media-protetor-solar-com-cor-60g/";"98,99";"Protetor solar facial com cor. Anasol Multifunção FPS60 mantém o rosto hidratado e protegido contra os raios ultravioletas e luz visível. Protetor Solar Anasol Multifunção FPS60 uniformiza, possui ação clareadora e não obstrui os poros graças à sua fórmula oil free. Hipoalergênico, ele não causa irritações ou alergias na pele, e é perfeito para otimizar a rotina de quem tem a vida agitada, pois ele funciona como uma base de maquiagem. Assim, você fica com a pele sem imperfeições e ainda cria o hábito de passar filtro solar todos os dias no rosto. ";"Ameiiiiiii.....";"5";"05/09/2024 08:12:25";20.4;60;8;16.3;55;8;26;84;8;16.2;82;4;21.3;100;8
" Anasol  Multifunção FPS 60 Base Média - Protetor Solar com Cor 60g ";" Anasol ";"https://www.belezanaweb.com.br/anasol-multifuncao-fps-60-base-media-protetor-solar-com-cor-60g/";"98,99";"Protetor solar facial com cor. Anasol Multifunção FPS60 mantém o rosto hidratado e protegido contra os raios ultravioletas e luz visível. Protetor Solar Anasol Multifunção FPS60 uniformiza, possui ação clareadora e não obstrui os poros graças à sua fórmula oil free. Hipoalergênico, ele não causa irritações ou alergias na pele, e é perfeito para otimizar a rotina de quem tem a vida agitada, pois ele funciona como uma base de maquiagem. Assim, você fica com a pele sem imperfeições e ainda cria o hábito de passar filtro solar todos os dias no rosto. ";"Excelente! O protetor é absorvido rapidamente, deixa uma cobertura natural e bonita na pele, não é oleoso, aceitou bem o blush, iluminador e sombra por cima. O ideal é aplicar uma boa quantidade em alguns pontos e espalhar logo em seguida, antes que seque. Durou bem o dia todo no clima quente e seco de Brasília.";"5";"05/09/2024 08:12:25";20.4;60;8;16.3;55;8;26;84;8;16.2;82;4;21.3;100;8
" Anasol  Multifunção FPS 60 Base Média - Protetor Solar com Cor 60g ";" Anasol ";"https://www.belezanaweb.com.br/anasol-multifuncao-fps-60-base-media-protetor-solar-com-cor-60g/";"98,99";"Protetor solar facial com cor. Anasol Multifunção FPS60 mantém o rosto hidratado e protegido contra os raios ultravioletas e luz visível. Protetor Solar Anasol Multifunção FPS60 uniformiza, possui ação clareadora e não obstrui os poros graças à sua fórmula oil free. Hipoalergênico, ele não causa irritações ou alergias na pele, e é perfeito para otimizar a rotina de quem tem a vida agitada, pois ele funciona como uma base de maquiagem. Assim, você fica com a pele sem imperfeições e ainda cria o hábito de passar filtro solar todos os dias no rosto. ";"Excelente! O protetor é absorvido rapidamente, deixa uma cobertura natural e bonita na pele, não é oleoso, aceitou bem o blush, iluminador e sombra por cima. O ideal é aplicar uma boa quantidade em alguns pontos e espalhar logo em seguida, antes que seque. Durou bem o dia todo no clima quente e seco de Brasília.";"5";"05/09/2024 08:12:25";20.4;60;8;16.3;55;8;26;84;8;16.2;82;4;21.3;100;8
" Dermage  Photoage Stick Incolor FPS 99 - Protetor Solar 12g ";" Dermage ";"https://www.belezanaweb.com.br/dermage-photoage-stick-incolor-fps-99-protetor-solar-12g/";"158,90";"Protetor solar facial para todos os tipos de pele. Dermage Photoage Stick Incolor conta com FPS 99 e FPUVA 34, é incolor e resistente à água.O Protetor Solar Dermage Photoage Stick Incolor também é resistente ao suor, por isso é indicado para o uso durante atividades físicas. Ele pode ser usado por crianças a partir dos 2 anos de idade. Além disso, não entope os poros, não deixa a pele oleosa e não provoca o aparecimento da acne.Este é um produto vegano, cruelty free, sem parabenos, óleos, álcool, lanolina e fragrâncias. Dermatologicamente testado. ";;"<!doctypehtml><htmldir=""ltr""lang=""pt-br""class=""""><head><metacharset=""UTF-8""><basehref=""/";"05/09/2024 08:12:25";20.4;60;8;16.3;55;8;26;84;8;16.2;82;4;21.3;100;8
" Divcom pharma  Imecap Face Creme Antirrugas Noturno 35g ";" Divcom pharma ";"https://www.belezanaweb.com.br/mp70290-imecap-face-creme-antirrugas-noturno-35g/";"50,98";"Imecap Face Creme Antirrugas Noturno 35gImecap® Face Creme Antirrugas Noite é um creme facial antirrugas noturno enriquecido com Vitamina C e Coenzima Q10, que clareia manchas, uniformiza e melhora a textura da pele. Sua fórmula possui ação antioxidante, aumentando a firmeza e elasticidade da pele, prevenindo o envelhecimento precoce e diminuindo rugas e linhas de expressão. Sua formulação conta também com Ácido Hialurônico que possui ação hidratante na pele.Como usar: Com a pele limpa e seca, aplicar Imecap® Face Creme Antirrugas Dia ou Noite no rosto e pescoço massageando até completa absorção. Usar diariamente pela manhã ou à noite, respectivamente. Evitar a área de olhos e boca.";;"<!doctypehtml><htmldir=""ltr""lang=""pt-br""class=""""><head><metacharset=""UTF-8""><basehref=""/";"05/09/2024 08:12:25";20.4;60;8;16.3;55;8;26;84;8;16.2;82;4;21.3;100;8
" Vichy  Capital Soleil Hydra-Matte FPS50 - Protetor Solar Facial 30ml ";" Vichy ";"https://www.belezanaweb.com.br/vichy-capital-soleil-hydramatte-fps50-protetor-solar-facial-30ml/";"63,90";"Protetor solar para todos os tipos de pele, especialmente oleosas. Vichy Capital Soleil Hydra-Matte FPS50 protege e hidrata com efeito matte por até 12 horas.O Protetor Solar Vichy Capital Soleil Hydra-Matte FPS50 garante máxima proteção contra os nocivos raios UVA e UVB, com fórmula textura leve e resistente à água. Além disso, garante uma aparência bonita, com total na saúde para sua derme.";"Muito bom! Excelente para peles oleosas";"4.8";"05/09/2024 08:12:25";20.4;60;8;16.3;55;8;26;84;8;16.2;82;4;21.3;100;8
" Vichy  Capital Soleil Hydra-Matte FPS50 - Protetor Solar Facial 30ml ";" Vichy ";"https://www.belezanaweb.com.br/vichy-capital-soleil-hydramatte-fps50-protetor-solar-facial-30ml/";"63,90";"Protetor solar para todos os tipos de pele, especialmente oleosas. Vichy Capital Soleil Hydra-Matte FPS50 protege e hidrata com efeito matte por até 12 horas.O Protetor Solar Vichy Capital Soleil Hydra-Matte FPS50 garante máxima proteção contra os nocivos raios UVA e UVB, com fórmula textura leve e resistente à água. Além disso, garante uma aparência bonita, com total na saúde para sua derme.";"Minha pele é mista, espera que fosse mais mate. Na verdade acho que senti falta do “oil control” estou acostjmada a usar o roc minesol, mas é bom, se quer efeito mate mesmo opte por outro. Num geral não irrita, não deixa pele branca e sinto que hidrata.";"4.8";"05/09/2024 08:12:25";20.4;60;8;16.3;55;8;26;84;8;16.2;82;4;21.3;100;8
" Vichy  Capital Soleil Hydra-Matte FPS50 - Protetor Solar Facial 30ml ";" Vichy ";"https://www.belezanaweb.com.br/vichy-capital-soleil-hydramatte-fps50-protetor-solar-facial-30ml/";"63,90";"Protetor solar para todos os tipos de pele, especialmente oleosas. Vichy Capital Soleil Hydra-Matte FPS50 protege e hidrata com efeito matte por até 12 horas.O Protetor Solar Vichy Capital Soleil Hydra-Matte FPS50 garante máxima proteção contra os nocivos raios UVA e UVB, com fórmula textura leve e resistente à água. Além disso, garante uma aparência bonita, com total na saúde para sua derme.";"Estou amanado usar ele, tem um toque bem seco, que era o que eu estava procurando para um protetor solar de rosto, esse é o que mais estou gostando de usar pois cumpre com o prometido!";"4.8";"05/09/2024 08:12:25";20.4;60;8;16.3;55;8;26;84;8;16.2;82;4;21.3;100;8
" Vichy  Capital Soleil Hydra-Matte FPS50 - Protetor Solar Facial 30ml ";" Vichy ";"https://www.belezanaweb.com.br/vichy-capital-soleil-hydramatte-fps50-protetor-solar-facial-30ml/";"63,90";"Protetor solar para todos os tipos de pele, especialmente oleosas. Vichy Capital Soleil Hydra-Matte FPS50 protege e hidrata com efeito matte por até 12 horas.O Protetor Solar Vichy Capital Soleil Hydra-Matte FPS50 garante máxima proteção contra os nocivos raios UVA e UVB, com fórmula textura leve e resistente à água. Além disso, garante uma aparência bonita, com total na saúde para sua derme.";"Gente achei perfeito, comprei o pequeno. Quando chegou achei mini kkk porém rende muito, além de ser muito sequinho";"4.8";"05/09/2024 08:12:25";20.4;60;8;16.3;55;8;26;84;8;16.2;82;4;21.3;100;8
" Vichy  Capital Soleil Hydra-Matte FPS50 - Protetor Solar Facial 30ml ";" Vichy ";"https://www.belezanaweb.com.br/vichy-capital-soleil-hydramatte-fps50-protetor-solar-facial-30ml/";"63,90";"Protetor solar para todos os tipos de pele, especialmente oleosas. Vichy Capital Soleil Hydra-Matte FPS50 protege e hidrata com efeito matte por até 12 horas.O Protetor Solar Vichy Capital Soleil Hydra-Matte FPS50 garante máxima proteção contra os nocivos raios UVA e UVB, com fórmula textura leve e resistente à água. Além disso, garante uma aparência bonita, com total na saúde para sua derme.";"Indicado pelo meu dermatologista simplesmente maravilhoso sofro com pele muito oleosa e acne e ele me ajuda muito. Pela seca e sem brilho por mais tempo.";"4.8";"05/09/2024 08:12:25";20.4;60;8;16.3;55;8;26;84;8;16.2;82;4;21.3;100;8
" Cosmobeauty  Pó com Filtro Compact Blur FPS 65 PPD 21+ 12g - Bege ";" Cosmobeauty ";"https://www.belezanaweb.com.br/mp159075-cosmobeauty-po-com-filtro-compact-blur-fps-65-ppd-21-12g-bege/";"174,99";"Pó Compacto com Alta Cobertura-Anti-Imperfeições Óptico-Efeito Mate-Previne o envelhecimento e o surgimento de hipercromias da pele causados pela ação danosa dos raios solares.O Cosmoblock Color Compacto Blur é um pó compacto tonalizante com alta cobertura que protege a pele dos efeitos nocivos da radiação solar. Apresenta uma textura leve, acetinada que se difunde na pele, promovendo alta cobertura com ação anti-imperfeições.O uso diário auxilia na prevenção do envelhecimento cutâneo causado pela exposição solar.Conceito Blur:Pó corretivo de acabamento impecável. Resulta em uma pele uniforme, com alta cobertura de imperfeições como um efeito Photoshop.ATIVOS– Partículas Soft Focus High Tech– PhysasunRentabilidade: Média de 90 aplicações";;"<!doctypehtml><htmldir=""ltr""lang=""pt-br""class=""""><head><metacharset=""UTF-8""><basehref=""/";"05/09/2024 08:12:25";20.4;60;8;16.3;55;8;26;84;8;16.2;82;4;21.3;100;8
" Creamy  Protetor Solar Watery Lotion FPS 60 - 50ml ";" Creamy ";"https://www.belezanaweb.com.br/mp147689-creamy-protetor-solar-watery-lotion-fps-60-50ml/";"60,80";;;"<!doctypehtml><htmldir=""ltr""lang=""pt-br""class=""""><head><metacharset=""UTF-8""><basehref=""/";"05/09/2024 08:12:25";20.4;60;8;16.3;55;8;26;84;8;16.2;82;4;21.3;100;8
" Cosmobeauty  Filtro Solar 18h Clarydefense FPS 50 PPD 20 50g ";" Cosmobeauty ";"https://www.belezanaweb.com.br/mp159063-cosmobeauty-filtro-solar-18h-clarydefense-fps-50-ppd-20-50g/";"179,00";"Vulcan Ice Clarydefense Protetor solar clareador, possui ação multifuncional especialmente desenvolvido para proteger e clarear peles que apresentam alterações pigmentares.Desenvolvido para proteger e clarear a pele acometida por hipercromias como: melasmas, hiperpigmentações pós inflamatórias, melanose solar, efélides e fotoenvelhecimento.Possui toque seco de rápida absorção, oferece tecnologia de proteção térmica evitando o envelhecimento e a sensibilização cutânea causados pela alta temperatura.Proteção solar FPS 50 e UVA 20 com 18 horas de proteção.Promove a uniformização do tom da peleTem ação dermoprotetora, clareadora e antipoluiçãoToque seco de rápida absorçãoATIVOSSepiwhite: Possui alta eficácia clareadora da pele e controla a síntese da melanina.Belides: Atua em todas as etapas da formação exacerbada da melanina, promovendo um clareamento efetivo sobre as hipercromias. Reduz os danos inflamatórios causados pela exposição solar.Physasun: Possui ação antioxidante e combate o stress térmico causado pela radiação UV. Previne o envelhecimento precoce e a degradação celular.Wonderlight: Reduz a distribuição e o aprofundamento das hipercromias cutâneas.EPS White: Atua na proteção cutânea contra o surgimento de manchas decorrentes da poluição.Potente clareador para hipercromias já existentes.Butylresorcinol: Atua eficazmente no clareamento da pele. É eficaz na inibição de enzimas importantes na formação da melanina.Água Vulcânica: Atua na hidratação e regeneração da pele.COMO USARAplicar uma camada uniforme em toda a pele, reaplicar se necessário.Rentabilidade: Média de 100 aplicações";;"<!doctypehtml><htmldir=""ltr""lang=""pt-br""class=""""><head><metacharset=""UTF-8""><basehref=""/";"05/09/2024 08:12:25";20.4;60;8;16.3;55;8;26;84;8;16.2;82;4;21.3;100;8
" Cosmobeauty  Pó com Filtro Compact Blur FPS 65 PPD 21+ 12g - Natural ";" Cosmobeauty ";"https://www.belezanaweb.com.br/mp159077-cosmobeauty-po-com-filtro-compact-blur-fps-65-ppd-21-12g-natural/";"174,99";"Pó Compacto com Alta Cobertura-Anti-Imperfeições Óptico-Efeito Mate-Previne o envelhecimento e o surgimento de hipercromias da pele causados pela ação danosa dos raios solares.O Cosmoblock Color Compacto Blur é um pó compacto tonalizante com alta cobertura que protege a pele dos efeitos nocivos da radiação solar. Apresenta uma textura leve, acetinada que se difunde na pele, promovendo alta cobertura com ação anti-imperfeições.O uso diário auxilia na prevenção do envelhecimento cutâneo causado pela exposição solar.Conceito Blur:Pó corretivo de acabamento impecável. Resulta em uma pele uniforme, com alta cobertura de imperfeições como um efeito Photoshop.ATIVOS– Partículas Soft Focus High Tech– PhysasunRentabilidade: Média de 90 aplicações";;"<!doctypehtml><htmldir=""ltr""lang=""pt-br""class=""""><head><metacharset=""UTF-8""><basehref=""/";"05/09/2024 08:12:25";20.4;60;8;16.3;55;8;26;84;8;16.2;82;4;21.3;100;8
" FQM  Protetor Solar Heliomax FPS 70 Médio Escuro 50g ";" FQM ";"https://www.belezanaweb.com.br/mp177111-protetor-solar-heliomax-fps-70-medio-escuro-50g/";"85,28";"Protetor Solar Heliomax FPS 70 Médio Escuro 50gHeliomax FPS 70 é um protetor solar em gel creme com cor para uso diário. Oferece muito alta proteção contra queimaduras solares e protege a pele contra danos causados pela exposição excessiva ao sol e luzes artificiais, com controle de oleosidade e brilho por 12 horas.Ação clareadora e uniformizadora.Alta cobertura de maquiagem.Não pesa e não craquela.Toque seco.Protege contra as luzes artificiais.Controla a oleosidade e brilho por 12 horas.Reduz a aparência dos poros.Efeito mate.Como usar: Aplicar antes de cada exposição solar. Reaplicar sempre que necessário.";;"<!doctypehtml><htmldir=""ltr""lang=""pt-br""class=""""><head><metacharset=""UTF-8""><basehref=""/";"05/09/2024 08:12:25";20.4;60;8;16.3;55;8;26;84;8;16.2;82;4;21.3;100;8
" Anasol  FPS 70 - Protetor Solar Facial 60g ";" Anasol ";"https://www.belezanaweb.com.br/anasol-fps-70-protetor-solar-facial-60g/";"47,16";"Protetor solar facial para todos os tipos de pele. Com fórmula oil free de toque seco, Anasol FPS 70 oferece alta proteção com rápida absorção.O Protetor Solar Anasol FPS 70 ajuda a prevenir queimaduras solares causadas por raios UVB, assim como manchas e rugas causadas por raios UVA.Contém argila que reduz a oleosidade da pele e ação hidratante da aloe vera associada às vitaminas E e B5, que neutralizam os radicais livres. É indicado para pele extremamente sensível a queimaduras solares. ";"Realmente deixa sequinho, porém o protetor é muito líquido";"4.9";"05/09/2024 08:12:25";20.4;60;8;16.3;55;8;26;84;8;16.2;82;4;21.3;100;8
" Anasol  FPS 70 - Protetor Solar Facial 60g ";" Anasol ";"https://www.belezanaweb.com.br/anasol-fps-70-protetor-solar-facial-60g/";"47,16";"Protetor solar facial para todos os tipos de pele. Com fórmula oil free de toque seco, Anasol FPS 70 oferece alta proteção com rápida absorção.O Protetor Solar Anasol FPS 70 ajuda a prevenir queimaduras solares causadas por raios UVB, assim como manchas e rugas causadas por raios UVA.Contém argila que reduz a oleosidade da pele e ação hidratante da aloe vera associada às vitaminas E e B5, que neutralizam os radicais livres. É indicado para pele extremamente sensível a queimaduras solares. ";"O fator principal para ter comprado foi ser Vegano, mas o efeito foi sensacional. Obrigada";"4.9";"05/09/2024 08:12:25";20.4;60;8;16.3;55;8;26;84;8;16.2;82;4;21.3;100;8
" Anasol  FPS 70 - Protetor Solar Facial 60g ";" Anasol ";"https://www.belezanaweb.com.br/anasol-fps-70-protetor-solar-facial-60g/";"47,16";"Protetor solar facial para todos os tipos de pele. Com fórmula oil free de toque seco, Anasol FPS 70 oferece alta proteção com rápida absorção.O Protetor Solar Anasol FPS 70 ajuda a prevenir queimaduras solares causadas por raios UVB, assim como manchas e rugas causadas por raios UVA.Contém argila que reduz a oleosidade da pele e ação hidratante da aloe vera associada às vitaminas E e B5, que neutralizam os radicais livres. É indicado para pele extremamente sensível a queimaduras solares. ";"Adoro os protetores solares da Anasol. São muito bons!!";"4.9";"05/09/2024 08:12:25";20.4;60;8;16.3;55;8;26;84;8;16.2;82;4;21.3;100;8
" Anasol  FPS 70 - Protetor Solar Facial 60g ";" Anasol ";"https://www.belezanaweb.com.br/anasol-fps-70-protetor-solar-facial-60g/";"47,16";"Protetor solar facial para todos os tipos de pele. Com fórmula oil free de toque seco, Anasol FPS 70 oferece alta proteção com rápida absorção.O Protetor Solar Anasol FPS 70 ajuda a prevenir queimaduras solares causadas por raios UVB, assim como manchas e rugas causadas por raios UVA.Contém argila que reduz a oleosidade da pele e ação hidratante da aloe vera associada às vitaminas E e B5, que neutralizam os radicais livres. É indicado para pele extremamente sensível a queimaduras solares. ";"gostei muito, embora não seja sequinho igual diz a embalagem (mas isso eu ja esperava), não deixa a pele branca o que é muito importante!!";"4.9";"05/09/2024 08:12:25";20.4;60;8;16.3;55;8;26;84;8;16.2;82;4;21.3;100;8
" Anasol  FPS 70 - Protetor Solar Facial 60g ";" Anasol ";"https://www.belezanaweb.com.br/anasol-fps-70-protetor-solar-facial-60g/";"47,16";"Protetor solar facial para todos os tipos de pele. Com fórmula oil free de toque seco, Anasol FPS 70 oferece alta proteção com rápida absorção.O Protetor Solar Anasol FPS 70 ajuda a prevenir queimaduras solares causadas por raios UVB, assim como manchas e rugas causadas por raios UVA.Contém argila que reduz a oleosidade da pele e ação hidratante da aloe vera associada às vitaminas E e B5, que neutralizam os radicais livres. É indicado para pele extremamente sensível a queimaduras solares. ";"Excelente produto.";"4.9";"05/09/2024 08:12:25";20.4;60;8;16.3;55;8;26;84;8;16.2;82;4;21.3;100;8
" Cosmobeauty  Blur O3 FPS 95 PPD 50 Bege Médio - Protetor Solar com Cor 50g ";" Cosmobeauty ";"https://www.belezanaweb.com.br/cosmobeauty-blur-o3-fps-95-ppd-50-bege-medio-protetor-solar-com-cor-50g/";"195,99";"Protetor solar com cor. Cosmobeauty Blur O3 confere alta proteção solar, estimula proteção do Colágeno na pele, reduzindo sinais da idade.O Protetor Solar com Cor Cosmobeauty Blur O3 é um grande sucesso da marca, por ser perfeito para te acompanhar no dia a dia, seja no trabalho, em casa ou na atividade física, pela sua resistência à água e ao suor. Sua fórmula contém ativos hidratantes e antioxidantes de alta performance que estimulam a vitalidade celular e promovem o disfarce instantâneo de rugas, linhas, poros dilatados, acne e desordens de pigmentação. Entrega uma cobertura perfeita, com toque seco e efeito matte maravilhoso na pele.";"Maravilhoso";"5";"05/09/2024 08:12:25";20.4;60;8;16.3;55;8;26;84;8;16.2;82;4;21.3;100;8
" Cosmobeauty  Blur O3 FPS 95 PPD 50 Natural - Protetor Solar com Cor 50g ";" Cosmobeauty ";"https://www.belezanaweb.com.br/cosmobeauty-blur-o3-fps-95-ppd-50-natural-protetor-solar-com-cor-50g/";"195,99";"Protetor solar com cor. Cosmobeauty Blur O3 confere alta proteção solar, estimula proteção do Colágeno na pele, reduzindo sinais da idade.O Protetor Solar com Cor Cosmobeauty Blur O3 é um grande sucesso da marca, por ser perfeito para te acompanhar no dia a dia, seja no trabalho, em casa ou na atividade física, pela sua resistência à água e ao suor. Sua fórmula contém ativos hidratantes e antioxidantes de alta performance que estimulam a vitalidade celular e promovem o disfarce instantâneo de rugas, linhas, poros dilatados, acne e desordens de pigmentação. Entrega uma cobertura perfeita, com toque seco e efeito matte maravilhoso na pele.";"Maravilhoso";"5";"05/09/2024 08:12:25";20.4;60;8;16.3;55;8;26;84;8;16.2;82;4;21.3;100;8
