"prod_descricao";"prod_marca";"prod_URL";"prod_price";"prod_detalhe";"prod_comentario";"prod_avaliacao";"prod_dataref";"spo-temp";"spo-umid";"spo-uv";"bra-temp";"bra-umid";"bra-uv";"pve-temp";"pve-umid";"pve-uv";"flo-temp";"flo-umid";"flo-uv";"rj-temp";"rj-umid";"rj-uv"
"Protetor Solar Facial Com Cor Pink Stick FPS90 - 5km";"Marca Pink Cheeks";"https://recs.algorecs.com/rrserver/api/find/v1/track/click/c85912f892c73e30?a=c85912f892c73e30&vg=3962ede0-9dbb-4fed-683e-1f646c042df0&pti=2&pa=find&hpi=0&stn=PersonalizedProductSearchAndBrowse&stid=184&rti=2&sgs=&uguid=395eede0-9dbb-4fed-683e-1f646c042df0&channelId=WEB&s=&pg=-1&page=1&query=protetor+solar+facial&lang=pt&searchConfigId=5b44b8a0947195000ef22caf&searchType=CATALOG&p=10387&ind=0&ct=https%3A%2F%2Fwww.epocacosmeticos.com.br%2Fpink-stick-fps-60-pink-cheeks-protetor-solar-facial%2Fp&redirect=true";"107,91";"Protetor Solar com cor FPS90 FPUVA70 Pink Stick 14g
É um protetor solar facial, em formato bastão, prático e multifuncional que alia alta proteção, tratamento, beleza e praticidade. 

Ideal para ser usado como um protetor solar diário e, especialmente, durante a prática de exercícios físicos ao ar livre, já que é resistente à água e ao suor. Não escorre e não arde os olhos. Devido ao seu alto fator de proteção, seu uso contínuo auxilia na prevenção e redução dos sinais de envelhecimento, e no tratamento de manchas na pele, como o melasma. Seu pigmento atua formando mais uma barreira de proteção na pele, contra a luz visível.

 Possui textura e sensorial agradáveis, pigmentação leve, ideal para uniformizar sua pele. Fórmula enriquecida com vitamina E, potentes antioxidantes associados que combatem os radicais livres e o envelhecimento cutâneo, reduzindo rugas e linhas de expressão. Disponível em 8 tonalidades que se adaptam a diversas tonalidades de pele. 

As tonalidades são definidas como ""quilometragens"" - 5km, 10km, 15km, 21km, 42km 42km Rio, 60km Ultra, 80km Ultra e 100km Ultra. Apenas como forma de diferenciar as cores. Estas ""distâncias"" não significam o tanto de quilometragem que a pessoa precisa fazer para usar.

Como o Pink Stick funciona
O Pink Stick é composto por filtros químicos nobres e filtros físicos que se complementam para oferecer altíssima proteção contra os raios UVA e UVB do sol.
 Apenas com o protetor físico, não é possível obter a altíssima proteção FPS90 e FPUVA70. 
Os filtros químicos são formados por moléculas orgânicas capazes de absorver a radiação UV (alta energia) e transformá-la em radiações com energias menores e inofensivas ao ser humano. A combinação de diferentes tipos de filtros químicos amplia o espectro de ação dos filtros e torna a proteção mais segura e confiável. 
Os filtros físicos são representados pelo Dióxido de Titânio. Esses filtros representam a forma mais segura e eficaz de proteção, pois formam uma camada sobre a pele que reflete e/ou dispersa os raios UVA e UVB sem absorvê-los. Portanto, apresentam baixo potencial de irritação.

Dados Técnicos: 
Alta Proteção - FPS 90 FPUVA 70
Formato em bastão que facilita a aplicação
Indicado para todo tipo de pele
Textura e Cobertura leve e confortável
Rico em Vitamina E hidrata e uniformiza a pele
Não escorre com o suor e não arde os olhos
Produto resistente à água por 4 horas
Dermatologicamente testado
Produto Vegano e Livre de Parabenos
Não testado em animais

O Pink Stick foi submetido a testes de eficácia e segurança, realizados em laboratório credenciado - Kosmocience Ciência e Tecnologia Cosmética LTDA, onde ficaram comprovados os pontos abaixo:
Proteção contra os raios UVB, através do ensaio de Fator de Proteção Solar ou FPS;
Proteção contra os raios UVA, através do ensaio de Fator de Proteção UVA, PPD ou FPUVA;
Resistência de 100% a água até 4 horas de imersão;
Segurança do produto, através de teste de compatibilidade cutânea.

Modo de Usar: 
Aplique o protetor solar de maneira abundante por toda extensão do rosto, incluindo a região dos olhos. Após a aplicação, espalhe o produto com as mãos, esponja ou pincel para deixar com acabamento uniforme. É necessária a reaplicação do produto após a transpiração excessiva ou permanência prolongada na água, para manter a sua efetividade. Se a quantidade aplicada não for adequada, o nível de proteção será significativamente reduzido. Ajuda a prevenir as queimaduras solares.

Recomendações: 
Guarde sempre bem fechado, longe da luz e calor excessivo. Não deixe seu stick no carro. Leve com você! Recomendamos remover o protetor solar adequadamente, com demaquilante e/ou água e sabonete, preferencialmente com ácido salicílico (Face Bubbles). Em caso de irritação, suspender o uso e procurar orientação médica. Não deve ser ingerido. Mantenha fora do alcance de crianças. Conservar em local seco, em temperatura ambiente. USO EXTERNO.

Produto Vegano, livre de componentes de origem animal. Livre de Parabenos. Cruelty Free. A Pink Cheeks não realiza testes de seus produtos em animais.

Nossos testes são realizados em pessoas voluntárias, através de laboratórios credenciados. A ANVISA considera hipoalergênico os produtos que passaram por testes de sensibilização realizados em humanos em laboratórios especializados. Hipoalergênicos são produtos com menos chance de causar alergia. No entanto, não há garantias de que o produto não causará alergia em 100% das pessoas, já que cada pessoa tem uma reação diferente. A PINK CHEEKS não classifica este produto como hipoalergênico, uma vez que o produto não passou por testes. Você pode ter acesso à composição de todos os produtos da PINK CHEEKS através da página de cada produto em nosso site.";"Daniela P.
30/08/2024
E um protetor ótimo. Não transfere. Protege mesmo. Já uso faz uns 3 anos. E sua cor tem alta cobertura. Pode ser usado como base tranquilo
Sim, eu recomendo este produto
Esta avaliação foi útil?
0
Samila O.
27/08/2024
O melhor protetor com cor
Excelente proteção uva e uvb, durabilidade e cobertura
Sim, eu recomendo este produto
Esta avaliação foi útil?
0
Ana P.
20/08/2024
O importante é o fps
Não achei que transfere bem a cor, mas a fixação é boa
Não, eu não recomendo este produto
Esta avaliação foi útil?
0
Maria m.
10/08/2024
Maravilhoso
Primeira vez q uso , adorei muito bom
Sim, eu recomendo este produto
Esta avaliação foi útil?
0";4.7;"2024-09-01 21:12:45.492393";21.3;43;1;26.1;28;1;30.4;46;1;18.3;77;1;24.1;83;1
"Protetor Solar Facial ISDIN Fusion Water 5 Stars Color FPS50 - Escura";"Marca Isdin";"https://recs.algorecs.com/rrserver/api/find/v1/track/click/c85912f892c73e30?a=c85912f892c73e30&vg=3962ede0-9dbb-4fed-683e-1f646c042df0&pti=2&pa=find&hpi=0&stn=PersonalizedProductSearchAndBrowse&stid=184&rti=2&sgs=&uguid=395eede0-9dbb-4fed-683e-1f646c042df0&channelId=WEB&s=&pg=-1&page=1&query=protetor+solar+facial&lang=pt&searchConfigId=5b44b8a0947195000ef22caf&searchType=CATALOG&p=45954&ind=1&ct=https%3A%2F%2Fwww.epocacosmeticos.com.br%2Fprotetor-solar-com-cor-isdin-fotoprotector-fusion-water-5-stars-color-fps50%2Fp&redirect=true";"95,12";"Fotoprotector ISDIN Fusion Water 5 Stars Color FPS50: 

Fotoprotetor facial com cor FPS 50 de textura ultraleve à base de água de uso diário. Fusion Water 5 Stars Color (cor média) uniformiza o tom da pele, disfarça as imperfeições e proporciona cobertura natural. 

Benefícios: 
- Elevada proteção UV FPS 50 avaliada clinicamente em laboratório e em condições reais de alta radiação solar. 
- Não irrita os olhos, testado oftalmologicamente.
- Tolerância ótima com textura ultraleve de absorção imediata e controle da oleosidade da pele sem deixar resíduos.
- Wet skin, pode ser aplicado na pele molhada.
- Sea Friendly, fórmula com a maioria dos ingredientes biodegradáveis e/ou inorgânicos.

Indicação:
- Indicado para todos os tipos de pele.
- Cor média.

Modo de Usar: 
Aplique abundantemente sobre a pele seca ou úmida meia hora antes da exposição solar. No caso de uso como parte da maquiagem, como contém pigmentos para garantir uma cobertura das imperfeições, recomenda-se aplicar sobre a pele seca. Se a quantidade aplicada não for adequada, o nível de proteção será significativamente reduzido.";"Monzielly P.
30/08/2024
Excelente qualidade e uso a muito tempo
Sim, eu recomendo este produto
Esta avaliação foi útil?
0
Cristiane S.
28/08/2024
atende bem na fixação da pele
muito bom. fixa bem na pele. é uniforme. sequinho
Sim, eu recomendo este produto
Esta avaliação foi útil?
0
Alessandra T.
26/08/2024
Textura excelente e cor que se adapta a pele
Sim, eu recomendo este produto
Esta avaliação foi útil?
0
Ligia C.
07/08/2024
baixa cobertura, produto fluido
É bem fluido e levinho, uso com pincel, mas acho uma pena só ter três cores.
Sim, eu recomendo este produto
Esta avaliação foi útil?
0";4.7;"2024-09-01 21:12:45.492393";21.3;43;1;26.1;28;1;30.4;46;1;18.3;77;1;24.1;83;1
"Protetor Solar Facial Neutrogena Sun Fresh FPS 70 - 40ml";"Marca Neutrogena";"https://recs.algorecs.com/rrserver/api/find/v1/track/click/c85912f892c73e30?a=c85912f892c73e30&vg=3962ede0-9dbb-4fed-683e-1f646c042df0&pti=2&pa=find&hpi=0&stn=PersonalizedProductSearchAndBrowse&stid=184&rti=2&sgs=&uguid=395eede0-9dbb-4fed-683e-1f646c042df0&channelId=WEB&s=&pg=-1&page=1&query=protetor+solar+facial&lang=pt&searchConfigId=5b44b8a0947195000ef22caf&searchType=CATALOG&p=46132&ind=2&ct=https%3A%2F%2Fwww.epocacosmeticos.com.br%2Fprotetor-solar-facial-neutrogena-sun-fresh-fps-70%2Fp&redirect=true";"51,90";"O que é e para que serve? 
Protetor Solar Facial Neutrogena Sun Fresh FPS70, 40g possui textura ultraleve e hidratante que não derrete e oferece alta proteção contra os raios UVA, UVB e ajuda a proteger contra a luz visível com sua exclusiva tecnologia HELIOPLEX XP. 

Com ativos ricos em propriedades hidratantes que deixam a pele macia, aveludada e preenchida e complexo antioxidante rejuvenescedor formado por Niacinamida, ativo clareador de sinais causados pelo sol, Feverfew e Vitamina C, poderosos antioxidantes. 

Melhora a firmeza e elasticidade da pele e possui textura não oleosa. Dermatologicamente testado e adequado para peles sensíveis.

Benefícios e diferenciais: 
Fórmula que não derrete/escorre com suor e umidade;
Deixa a pele aveludada e macia;
Devolve o brilho natural da pele saudável;
Melhora a firmeza e elasticidade da pele;
Deixa a sensação prolongada de pele hidratada;
Testado e aprovado para a pele sensível.

Como usar: 
Aplique abundantemente antes da exposição ao sol. Reaplicar sempre, após sudorese intensa, nadar ou banhar-se, secar-se com toalha e durante a exposição ao sol. É necessária a reaplicação do produto para manter a sua efetividade de proteção solar. Uso diário.

Precauções: 
Se a quantidade aplicada não for adequada, o nível de proteção será significativamente reduzido. Ajuda a prevenir as queimaduras solares, mas não oferece nenhuma proteção contra a insolação. Evite exposição prolongada das crianças ao sol. Produto de uso adulto. Evite contato com os olhos. Caso isso aconteça, enxágue-os com água em abundância. Em contato com tecido pode causar manchas. Conservar em local fresco e ao abrigo da luz solar direta.";"Marielza C.
21/08/2024
Já uso o protetor solar desta marca há muito tempo....deixa a pele seca e hidrata.
Sim, eu recomendo este produto
Esta avaliação foi útil?
0
Rose S.
17/07/2024
Não fica branco e não arde os olhos! Custo benefício excelente, amooooooooo
Sim, eu recomendo este produto
Esta avaliação foi útil?
0
Bruna O.
05/06/2024
Protetor é bom, barato e hidrata o rosto e não deixa pegajoso.
Sim, eu recomendo este produto
Esta avaliação foi útil?
0
Rosemeire V.
04/04/2024
Esse não veio na caixa, quando chegar eu poderei dizer o que achei.
Esta avaliação foi útil?
0";4.6;"2024-09-01 21:12:45.492393";21.3;43;1;26.1;28;1;30.4;46;1;18.3;77;1;24.1;83;1
"Protetor Solar Neutrogena Sun Fresh Derm Care Facial FPS70 - 40g";"Marca Neutrogena";"https://recs.algorecs.com/rrserver/api/find/v1/track/click/c85912f892c73e30?a=c85912f892c73e30&vg=3962ede0-9dbb-4fed-683e-1f646c042df0&pti=2&pa=find&hpi=0&stn=PersonalizedProductSearchAndBrowse&stid=184&rti=2&sgs=&uguid=395eede0-9dbb-4fed-683e-1f646c042df0&channelId=WEB&s=&pg=-1&page=1&query=protetor+solar+facial&lang=pt&searchConfigId=5b44b8a0947195000ef22caf&searchType=CATALOG&p=43330&ind=3&ct=https%3A%2F%2Fwww.epocacosmeticos.com.br%2Fprotetor-solar-neutrogena-sun-fresh-derm-care-facial-fps70%2Fp&redirect=true";"47,90";"Neutrogena Sun Fresh Derm Care Facial FPS 70 possui textura levinha e sequinha que não derrete. A exclusiva tecnologia Helioplex XP oferece muito alta proteção ampla e eficaz contra os raios UVB, UVA e ajuda a proteger contra a luz visível. Controla a oleosidade por 12 horas, disfarça poros, manchas solares e imperfeições da pele. Complexo antioxidante rejuvenescedor, clareia e previne manchas solares e efeito matte de longa duração.

Ativos: 
Com sílica que atua na oleosidade da pele; Complexo antiodixante rejuvenescedor formado por: 
• Niacinamida: ativo clareador de sinais causados pelo sol;
• Feverfew: poderoso antioxidante;
• Vitamina C: antioxidante;

Benefícios: 
• Controla a oleosidade por 12h;
• Disfarça poros;
• Complexo antioxidante rejuvenescedor;
• Clareia e previne manchas solares;
• Efeito matte de longa duração;
• Dermatologicamente testado;
• Não comedogênico e não obstrui poros;
• Textura leve, não pesa e não derrete.

Modo de usar: 
Aplique abundantemente antes da exposição ao sol. Reaplicar sempre, após sudorese intensa, nadar ou banhar-se, secar-se com toalha e durante a exposição ao sol. *É necessária a reaplicação do produto a cada 2 horas para manter a efetividade da proteção solar. Uso diário. Conservar em local fresco e ao abrigo da luz solar direta.

Precauções: 
Uso Externo. Evite contato com os olhos. Caso isso aconteça, enxágue-os com água em abundância. Descontinue o uso se surgirem irritações na pele. Se a quantidade aplicada não for adequada, o nível de proteção será significativamente reduzido. O produto ajuda a prevenir as queimaduras solares, mas não oferece nenhuma proteção contra insolação. Evite exposição prolongada das crianças ao sol. Para crianças menores de 6 (seis) meses, consultar um médico. Conserve fora do alcance das crianças. Em contato com tecido, pode causar manchas.";"Julia p.
30/08/2024
É muito boa pra peles oleosas, fica bem sequinho, uso a uns três anos.
Ele é muito bom mesmo, eu uso ele faz uns três anos já, e gosto muito porque ele fica sequinho na pele. É muito bom pra peles oleosas.
Sim, eu recomendo este produto
Esta avaliação foi útil?
0
Eliane A.
27/08/2024
Que são produtos de qualidade
Ótimo produto , adoro usar no calor protege bem e o preço é custo benefício é fantástico. Chegou muito bem embalado e a entrega foi rápida.
Sim, eu recomendo este produto
Esta avaliação foi útil?
0
Karem y.
22/08/2024
É um protetor solar que não deixa a pele oleosa, e não esfarela no momento de passar, já uso faz um tempo, é o único que deu certo na minha pele, tem o toque seco, absorve rápido
Sim, eu recomendo este produto
Esta avaliação foi útil?
0
Tatiana M.
17/08/2024
amo
Gosto muito desse protetor porque ele tem um ótimo custo benefício. Deixa a pele com um leve efeito matte, não arde no olho e não fica esbranquiçado
Sim, eu recomendo este produto
Esta avaliação foi útil?
0";4.8;"2024-09-01 21:12:45.492393";21.3;43;1;26.1;28;1;30.4;46;1;18.3;77;1;24.1;83;1
"Protetor Solar Facial Isdin - Fotop Fusion Water 5 Stars FPS60 - 50ml";"Marca Isdin";"https://recs.algorecs.com/rrserver/api/find/v1/track/click/c85912f892c73e30?a=c85912f892c73e30&vg=3962ede0-9dbb-4fed-683e-1f646c042df0&pti=2&pa=find&hpi=0&stn=PersonalizedProductSearchAndBrowse&stid=184&rti=2&sgs=&uguid=395eede0-9dbb-4fed-683e-1f646c042df0&channelId=WEB&s=&pg=-1&page=1&query=protetor+solar+facial&lang=pt&searchConfigId=5b44b8a0947195000ef22caf&searchType=CATALOG&p=41501&ind=4&ct=https%3A%2F%2Fwww.epocacosmeticos.com.br%2Fprotetor-solar-facial-isdin-fotop-fusion-water-5-stars-fps60%2Fp&redirect=true";"106,31";"Protetor Solar Fotop Fusion Water 5 Stars Fps60:

Isdin Fusion Water 5 Stars é um protetor solar facial especialmente criado para o uso diário. Com FPS 60 garante muito alta proteção.
Elevada Proteção UV: proteção solar facial ideal para uso diário e atividades ao ar livre.

Benefícios:
Não irrita os olhos: testado oftalmologicamente.
Tolerância ótima: Textura ultraleve de absorção imediata e controle da oleosidade da pele sem deixar resíduos.
Sea Friendly: Fórmula composta principalmente por ingredientes biodegradáveis e / ou inorgânicos.

Indicação:
Adequado para todos os tipos de pele.

Modo de usar:
Aplique generosamente sobre a pele seca meia hora antes da exposição solar. É necessária a reaplicação do produto para manter a sua efetividade a cada 2 horas e depois de transpirar, nadar, banhar-se ou secar-se com uma toalha e durante a exposição ao sol.
Se a quantidade aplicada não for adequada, o nível de proteção será significativamente reduzido.""
Wet Skin: Pode ser aplicado sobre a pele molhada.";"Cleide N.
05/08/2024
FPS fluido, leve e controla oleosidade
Este protetor solar é excelente! Tem uma textura super fluida que deixa a pele limpa e sem oleosidade. O produto desaparece na pele sem deixá-la esbranquiçada e controla a oleosidade na medida certa. A fragrância é suave e deliciosa. O rendimento é ótimo, mesmo usando bastante. A embalagem é prática, permitindo controlar a quantidade aplicada, e não vaza, mesmo sendo carregada na bolsa. Compro a embalagem de 100ml, que dura cerca de 4 meses, aplicando de 2 a 3 vezes por dia. Para quem está na dúvida, recomendo muito. É o melhor protetor solar que já usei para minha pele madura, com 40+ anos e acne.
Sim, eu recomendo este produto
Esta avaliação foi útil?
0
Ana b.
26/07/2024
Transportadora péssima
Meu produto não chegou. Entrega péssima, transportadora péssima comunicação péssima. Péssimo péssimo péssimo
Esta avaliação foi útil?
0
Gabrielli R.
19/06/2024
Perfeito e fluido,l
Uso ele sempre, ótimo para pele oleosa
Sim, eu recomendo este produto
Esta avaliação foi útil?
0
Yanka D.
17/06/2024
Muito bom
Ótimo protetor! Deixa a pele super sequinha e não fica com aspecto de protetor grudento
Sim, eu recomendo este produto
Esta avaliação foi útil?
0";4.8;"2024-09-01 21:12:45.492393";21.3;43;1;26.1;28;1;30.4;46;1;18.3;77;1;24.1;83;1
"Protetor Solar Facial com Cor La Roche Posay – XL Protect FPS 60 - Clara";"Marca La Roche-Posay";"https://recs.algorecs.com/rrserver/api/find/v1/track/click/c85912f892c73e30?a=c85912f892c73e30&vg=3962ede0-9dbb-4fed-683e-1f646c042df0&pti=2&pa=find&hpi=0&stn=PersonalizedProductSearchAndBrowse&stid=184&rti=2&sgs=&uguid=395eede0-9dbb-4fed-683e-1f646c042df0&channelId=WEB&s=&pg=-1&page=1&query=protetor+solar+facial&lang=pt&searchConfigId=5b44b8a0947195000ef22caf&searchType=CATALOG&p=42232&ind=5&ct=https%3A%2F%2Fwww.epocacosmeticos.com.br%2Fprotetor-solar-facial-com-cor-la-roche-posay-xl-protect-fps-60%2Fp&redirect=true";"72,17";"O Protetor Solar Facial Anthelios Xl Protect FPS60, possui o sistema de proteção XL Protect. Com tecnologia reforçada com complexo antioxidante de alta eficácia, comprovada através de estudos clínicos para garantir proteção fotoestável de largo espectro ANTI-UVA,UVB e radicais livres induzidos por agentes externos. Agora na versão com cor.

O Protetor Solar Facial Anthelios XL PROTECT COR CLARA FPS60 oferece muito alta proteção UVA/UVB com uma textura gel creme que garante resultado seco na pele. Oil - free. Rápida absorção. Resistente à água.

Indicação: Indicado para todos os tipos de pele, inclusive as oleosas

Benefícios: 
- Uniformiza o tom
- Rápida Absorção 
- Resultado Seco na pele
- Enriquecido com Vitamina E
- Água Termal La Roche-Posay
- Propriedades Hidratantes e Suavizantes

Sobre a Marca: 
La Roche-Posay, a marca mais recomendada pelos dermatologistas desenvolvendo, a mais de 30 anos, produtos de alta tecnologia para cuidados e rejuvenescimento da pele. A La Roche Posay possui grande diversidade de produtos para tratamento, desenvolvidos com sua exclusiva Água Termal, que previne a epiderme do envelhecimento precoce, deixando a aparência da sua pele mais jovem, linda e natural.";"Raquel L.
26/08/2024
Quem é branca com subtom frio vai ficar meio laranjinha.
A cor 2.0 corresponde a clara, mas pra quem é branca com subtom frio vai ficar meio laranjinha. Não é resistente à água e quase não entrega cobertura, melhor comprar sem cor mesmo do que esse protetor com cor pq ele não cobre quase nada.
Não, eu não recomendo este produto
Esta avaliação foi útil?
0
Isadora C.
22/08/2024
Minha pele é sensível, um pouco oleosa e com rosácea. Primeira vez que uso esse protetor com cor, achei ótimo. A única coisa que exigiu paciência na adaptação foi que ele seca muito rápido na pele e se a gente fica repassando camada em cima ou passando a mão sobre a área coberta, dá uma leve esfareladinha. No entanto, resolvo isso deixando a pele bemmm hidratada antes de aplicar. Fora isso, é perfeito.
Sim, eu recomendo este produto
Esta avaliação foi útil?
0
Liliane D.
16/07/2024
Super indico.
Produto excelente.
Sim, eu recomendo este produto
Esta avaliação foi útil?
0
Eliene M.
10/07/2024
Não fico sem...esse produto cumpre o que promete.
Sim, eu recomendo este produto
Esta avaliação foi útil?
0";4.7;"2024-09-01 21:12:45.492393";21.3;43;1;26.1;28;1;30.4;46;1;18.3;77;1;24.1;83;1
"Protetor Solar Facial Dermage – Photoage Water FPS50 - 40g";"Marca Dermage";"https://recs.algorecs.com/rrserver/api/find/v1/track/click/c85912f892c73e30?a=c85912f892c73e30&vg=3962ede0-9dbb-4fed-683e-1f646c042df0&pti=2&pa=find&hpi=0&stn=PersonalizedProductSearchAndBrowse&stid=184&rti=2&sgs=&uguid=395eede0-9dbb-4fed-683e-1f646c042df0&channelId=WEB&s=&pg=-1&page=1&query=protetor+solar+facial&lang=pt&searchConfigId=5b44b8a0947195000ef22caf&searchType=CATALOG&p=45628&ind=6&ct=https%3A%2F%2Fwww.epocacosmeticos.com.br%2Fprotetor-solar-facial-dermage-photoage-water-fps50%2Fp&redirect=true";"84,90";"Protetor Solar Facial Dermage – Photoage Water FPS50

Com FPS50 e PPD20, o filtro solar aquoso Photoage Water chega para revolucionar a fotoproteção diária. Sua película protetora invisível, fórmula enriquecida com ácido hialurônico e tecnologia Double UV Protect proporcionam uma proteção uniforme, mais segura e eficaz. Tudo isso sem adicionar resíduo esbranquiçado e textura à pele, com rápida absorção e toque seco.

 Para Quem é Indicado? 
Com toque seco, rápida absorção e textura ultraleve, o filtro solar Photoage Water é indicado para todos os tipos de pele, inclusive para a pele mista e pele oleosa.

Sua textura Acqua Fluid, aquosa e imperceptível, faz com que seja o filtro solar ideal para a prática de esportes, para uso diário antes da maquiagem e o filtro solar para pele sensível à textura do protetor solar convencional.

 Entenda a Tecnologia Uv Double Protect
Com duplo revestimento a base de água, cria uma película protetora invisível e confortável, protegendo até as irregularidades da pele.
“Sabemos que a pele possui ondulações microscópicas em sua superfície. Com a Tecnologia Double UV PROTECT presente no Photoage Water, conseguimos proporcionar uma aplicação uniforme do filtro solar, criando um filme invisível que cobre todo revestimento e irregularidade da pele, possibilitando maior fotoproteção”, conta Giselle Canavaci, Gerente de Produtos da Dermage.

 Ativos No Photoage Water
Tecnologia Double UV Protect: cria proteção imperceptível na pele, cobrindo as irregularidades de todo revestimento cutâneo.

Ácido Hialurônico: um dos principais componentes da matriz extracelular, essencial em todos os tecidos conjuntivos, como colágeno e cartilagem e o uso de produtos com esse ativo deixa a pele mais maleável, flexível e uniforme, contribuindo para redução das rugas e linhas de expressão.

Vitamina E: potente ativo antioxidante que promove firmeza e viço para a pele.

Bisabolol: possui propriedades anti-inflamatórias e auxilia na prevenção da acne e irritações da pele.

 Benefícios Do Photoage Water
- FPS50 e PPD / FPUVA 20
- Cobertura imperceptível
- Película de proteção invisível
- Toque seco
- Textura Acqua Fluid de rápida absorção
- Proteção solar de alto espectro contra raios UVA e UVB
- Indicado para pele sensível a filtro solar químico

 O Que Significa Fps e Ppd? 
A sigla FPS é a abreviação de FATOR DE PROTEÇÃO SOLAR. Ela indica o tempo de proteção da pele contra os raios UVB, causadores de queimaduras, da sensação de ardência e vermelhidão após a exposição ao sol. Na prática, o FPS funciona da seguinte maneira: se a pele leva 3 minutos para sofrer danos, utilizando um protetor solar FPS 50, ela fica protegida por um tempo 50 vezes maior.

Já a sigla PPD significa Persistent Pigment Darkening (escurecimento persistente de pigmento, em tradução livre) e demonstra o fator de proteção contra os raios solares UVA, que são os causadores de lesões profundas na pele, envelhecimento precoce e câncer de pele.

Como e Quando Usar?
O protetor solar Photoage Water deve ser usado na rotina diária, antes da exposição solar. Por ser um filtro solar com textura aquosa e imperceptível, é indicado para proteger a pele antes de aplicar a maquiagem.

Após realizar a rotina diurna de cuidados com a pele, aplique o Photoage Water e espalhe logo em seguida. Para aplicar a próxima camada, aguarde alguns minutos até que seja totalmente absorvido. De acordo com a Sociedade Brasileira de Dermatologia (SBD), a quantidade correta de protetor a ser aplicada no rosto, orelhas e pescoço é de uma colher de chá. 

Lembre-se de reaplicar o filtro solar a cada 3 horas regularmente ou a cada 2 horas em casos de transpiração excessiva, exposição solar prolongada ou após sair da água.

 Características: 
40g, 100% de filtros químicos, 0% de óleos, parabenos e fragrância; vegano; dermatologicamente testado; não comedogênico e cruelty free.";"Josy P.
23/08/2024
Meu protetor solar preferido, ele é perfeito pra minha pele oleosa, segura bem, espalha fácil e não deixa esbranquiçado. Já testei vários e esse é o melhor.
Sim, eu recomendo este produto
Esta avaliação foi útil?
0
Alice d.
23/08/2024
Produto ótimo. Já uso há um tempo, o melhor protetor para pele oleosa.
Ótimo produto. Já uso há um tempo, o melhor protetor solar para pele oleosa. Deixa a pele sequinha e, dependendo da rotina, dura o dia todo.
Sim, eu recomendo este produto
Esta avaliação foi útil?
0
ERICA G.
11/08/2024
O melhor protetor q já usei, muito sequinho e nada oleoso
Sim, eu recomendo este produto
Esta avaliação foi útil?
0
Gabriela M.
06/08/2024
excelente!
excelente protetor, não tem cheiro, a pele absorve rapidamente, é bem leve, nem parece que está usando protetor.
Sim, eu recomendo este produto
Esta avaliação foi útil?
0";4.9;"2024-09-01 21:12:45.492393";21.3;43;1;26.1;28;1;30.4;46;1;18.3;77;1;24.1;83;1
"Protetor Solar Facial Bioré Perfect Milk 50 FPS - 40ml";"Marca Bioré";"https://recs.algorecs.com/rrserver/api/find/v1/track/click/c85912f892c73e30?a=c85912f892c73e30&vg=3962ede0-9dbb-4fed-683e-1f646c042df0&pti=2&pa=find&hpi=0&stn=PersonalizedProductSearchAndBrowse&stid=184&rti=2&sgs=&uguid=395eede0-9dbb-4fed-683e-1f646c042df0&channelId=WEB&s=&pg=-1&page=1&query=protetor+solar+facial&lang=pt&searchConfigId=5b44b8a0947195000ef22caf&searchType=CATALOG&p=39331&ind=7&ct=https%3A%2F%2Fwww.epocacosmeticos.com.br%2Fprotetor-solar-facial-biore-perfect-milk-50-fps%2Fp&redirect=true";"57,90";"Novo Bioré UV Perfect Milk oferece alta proteção solar em textura macia e toque seco

 Bioré identificou uma enorme mudança no mercado brasileiro nos últimos 15 anos: antes os cuidados eram direcionados à pele do corpo; hoje, aumentou também o foco da preocupação com o rosto. 

Uma das etapas mais importantes desta rotina diária de cuidados faciais é a proteção solar, já que o sol pode causar danos à pele, como envelhecimento precoce, linhas de expressão, manchas e flacidez. 


Porém, esse cuidado ainda é muitas vezes ignorado no Brasil, já que o público brasileiro se queixa que os protetores com alto fator de proteção geralmente deixam a pele pegajosa e com aspecto oleoso. 

A solução de Bioré é focada em sensoriais únicos e oferece protetores solares com alta proteção UVA e UVB em texturas ultra leves e não pegajosas. Assim, Bioré, a marca de protetor solar n° 1 do Japão, traz o verdadeiro toque seco em proteção solar, para que as brasileiras possam usar todos os dias.
Com um textura macia e toque seco, que traz uma sensação confortável na pele, o Bioré UV Perfect Milk é um protetor solar facial e corporal com FPS 50 e alta proteção UVA. Assim como os outros protetores da linha Bioré, o Perfect Milk também é muito resistente à transpiração e à água.

Seus principais benefícios são: alta proteção UVA e UVB em textura macia e “sequinha”, resistência à transpiração e à água e sensação de pele macia e confortável.

 Como usar: 
Agite antes de usar. Depois aplique uniformemente na pele do rosto e do corpo, antes de se expor ao sol. Para remover, lave bem com sabonete; removedor de maquiagem é recomendado quando difícil de remover completamente. Deve ser reaplicado sempre após sudorese intensa, nadar ou banhar-se, secar-se com toalha e durante exposição ao sol.";"Roberta W.
29/08/2024
gosto muito da textura, é bem líquido e não deixa esbranquiçado
Sim, eu recomendo este produto
Esta avaliação foi útil?
0
Jéssica M.
27/08/2024
Super fluído! Gostei muito, deixo pra usar ele em dias de clima mais seco aqui em sp, dias humidos pesa um pouco a minha pele.
Esta avaliação foi útil?
0
Erci C.
26/08/2024
É muito, deixa pele bem sequinha, não fica pegando. Compro sempre que está em promoção. Até meu marido que não gostava de usar protetor solar. Esse nem precisava mandar usar.
Sim, eu recomendo este produto
Esta avaliação foi útil?
0
Jaqueline A.
20/08/2024
Melhor protetor solar que já usei. Minha pele é bastante oleosa, mas ele a deixa bem sequinha por muitas horas.
Esta avaliação foi útil?
0";4.8;"2024-09-01 21:12:45.492393";21.3;43;1;26.1;28;1;30.4;46;1;18.3;77;1;24.1;83;1
"Protetor Solar Facial Shiseido – Expert Sun Protection Lotion FPS50+ - 150ml";"Marca Shiseido";"https://recs.algorecs.com/rrserver/api/find/v1/track/click/c85912f892c73e30?a=c85912f892c73e30&vg=3962ede0-9dbb-4fed-683e-1f646c042df0&pti=2&pa=find&hpi=0&stn=PersonalizedProductSearchAndBrowse&stid=184&rti=2&sgs=&uguid=395eede0-9dbb-4fed-683e-1f646c042df0&channelId=WEB&s=&pg=-1&page=1&query=protetor+solar+facial&lang=pt&searchConfigId=5b44b8a0947195000ef22caf&searchType=CATALOG&p=44170&ind=8&ct=https%3A%2F%2Fwww.epocacosmeticos.com.br%2Fprotetor-solar-facial-shiseido-expert-sun-protection-lotion-fps50%2Fp&redirect=true";"329,00 em 5x de R$ 65,80";"Shiseido Expert Sun Protection Lotion Fps50+:

Sobre a Linha
 Shiseido é especialista quando o assunto é Proteção Solar, sempre aprimorando seus desenvolvimentos pelas suas pesquisas e tecnologias, a marca se consolida como uma das mais inovadoras e pioneiras sobre o assunto. Não é à toa que a marca é líder no segmento de suncare em diversos países onde atua, incluindo no BRASIL (*Segmenta Prestige Group – Líder em Bases e Protetores Solares de Alta Proteção desde 2016).
 Produtos inovadores, texturas confortáveis e tecnologias inclusivas fazem com que a gama de produtos Shiseido Suncare se mantenham como os queridinhos de formadoras de opinião, dermatologistas, surfistas, esportistas e de todas as pessoas que buscam praticidade e conforto na hora de se proteger.

Sobre o Produto
 Um protetor solar com alto fator de proteção contra os raios UVA e UVB e contra os poluentes urbanos, enquanto mantém a pele hidratada e livre de resíduos brancos. Disponível em duas versões, creme (para o rosto) e loção (para rosto e corpo). Ambos para todos os tipos de pele. 
 O famoso e querido protetor solar de SHISEIDO agora com uma fórmula ainda mais potente. Além da tecnologia WetForce, já presente em vários produtos da marca, que eleva a resistência do véu de proteção quando em contato com água ou transpiração, a nova fórmula conta com a exclusiva tecnologia chamada HeatForce que faz o mesmo com o calor do sol. Juntas, elas formam a tecnologia SynchroShield™ que responde às mudanças no ambiente. Assim, quanto mais contato com a água ou com o calor você tiver, mais protegido estará.
 Enriquecido com ingredientes de tratamento (50% de sua fórmula), ele ainda ajuda a prevenir o aparecimento de linhas finas, rugas e tom de pele irregular causados pelos UVA/UVB. Leve e de rápida absorção, ele se encaixa facilmente a sua rotina de skincare. Sua fragrância funcional sincroniza com a transpiração: combina-a com ingredientes de fragrâncias complementares para criar um aroma atraente - e personalizado.
 Esta fórmula é OCEAN-FRIENDLY, ou seja, livre de oxibenzona e octinoxato e está em conformidade com os regulamentos do Havaí e não agride a vida marinha.
Dermatologicamente testado. Oftalmologicamente testado. Não comedogênico.

Ação
Tecnologia SynchroShield™

Sensor Iônico Mineral 
Ao adicionar o Sensor Mineral Iônico com o Pó Mineral Iônico, a quantidade de agentes físicos necessário nesse protetor pôde ser reduzida consideravelmente, mantendo seu nível de proteção poderoso. Assim, a SHISEIDO conseguiu criar um véu de proteção muito uniforme que não deixa nenhum vestígio branco, podendo ser utilizado em qualquer tom de pele. 

Tecnologia Super-Veil-UV 360™
Cria um véu de proteção UV como se fosse uma segunda pele. O seu filtro solar adere aos contornos microscópicos da pele face para que a pele permaneça protegida em todos os ângulos (360º).

Tecnologia ProfenceCELL™
Uma combinação de extratos botânicos, que previnem os sinais de envelhecimento causado pelos raios UV, como: rugas, manchas e perda de umidade.

Complexo NatureSurge 
Complexo que combina o pó antipoluição que repele poluentes do ar que causam opacidade e oxidação na pele com o extrato de Chá de Assam, com efeitos antioxidantes.

Como Usar
• Para a Loção, agite bem antes de usar.
• Para o rosto e pescoço, aplique como última etapa de sua rotina de cuidados com a pele. Aplique uma quantidade generosa na palma da mão (aproximadamente uma colher de chá) e espalhe-o uniformemente sobre cada área;
• A mesma quantidade deve ser aplicada nos braços e antebraços;
• Em todo o tronco (frente e verso), aplique uma medida equivalente a duas colheres de chá, o mesmo vale para as pernas.";"Daniela P.
10/04/2024
Simplesmente amei!
Protetor solar solar perfeito, não deixa a pele oleosa. Excelente!
Sim, eu recomendo este produto
Esta avaliação foi útil?
0
Fátima N.
09/01/2024
Ótima penetração
Excelente, penetra muito bem na pele. Gostei e indico.
Sim, eu recomendo este produto
Esta avaliação foi útil?
0
Vitória B.
11/12/2023
Não comprem da época cosméticos
Não comprem da época eles não entregam os produtos e não respondem os e-mails e não dão satisfação ao cliente
Sim, eu recomendo este produto
Esta avaliação foi útil?
3
Michel F.
21/11/2023
Excelente produto.
Produto de muita qualidade, seu preço está longe de ser do mais barato. Mas a qualidade e o tanto que rende, vale o preço.
Esta avaliação foi útil?
1";4.7;"2024-09-01 21:12:45.492393";21.3;43;1;26.1;28;1;30.4;46;1;18.3;77;1;24.1;83;1
"Protetor Solar Facial L'Oréal Paris UV Defender Antioleosidade FPS60 - 40g";"Marca L'Oréal Paris";"https://recs.algorecs.com/rrserver/api/find/v1/track/click/c85912f892c73e30?a=c85912f892c73e30&vg=3962ede0-9dbb-4fed-683e-1f646c042df0&pti=2&pa=find&hpi=0&stn=PersonalizedProductSearchAndBrowse&stid=184&rti=2&sgs=&uguid=395eede0-9dbb-4fed-683e-1f646c042df0&channelId=WEB&s=&pg=-1&page=1&query=protetor+solar+facial&lang=pt&searchConfigId=5b44b8a0947195000ef22caf&searchType=CATALOG&p=43158&ind=9&ct=https%3A%2F%2Fwww.epocacosmeticos.com.br%2Fprotetor-solar-antioleosidade-loreal-paris-uv-defender-antioleosidade%2Fp&redirect=true";"57,48";"UV Defender, de L'Oréal Paris, é um protetor solar diário anti-fotoenvelhecimento e antioleosidade que protege a sua pele dos raios UV, do envelhecimento precoce e uniformiza a pele. Previne linhas de expressão, rugas e manchas solares. 

Protetor de amplo espectro, sistema de filtros potencializado com Mexoryl SX e filtros UVA longos FPS 60. Previne o envelhecimento precoce da pele proveniente dos raios UV: linhas de expressão, rugas e manchas solares. 

Sua fórmula é enriquecida com ativo hialurônico, conhecido por sua capacidade de reter até 1000 vezes seu peso em água. Este ingrediente ajuda a manter o nível de hidratação na pele, prevenindo o aparecimento de novas linhas.

Benefícios:
- Anti-Fotoenvelhecimento
- Antioleosidade
- Previne Linhas de Expressão
- Previne Rugas
- Previne Manchas Solares
- Protege dos Raios UV com FPS 60
- Com cor: Uniformiza a Pele

Indicação:
Indicado para todos os tipos de pele.

Modo de Uso:
Aplique abundantemente sobre a pele 30 minutos antes da exposição ao sol.";"Ionara G.
28/06/2024
Pele protegida
Proteja bem
Sim, eu recomendo este produto
Esta avaliação foi útil?
0
Joice B.
27/02/2024
Fácil de aplicar, não fica esbranquiçado, não esfarela.
Não fica esbranquiçado na pele, é fácil de aplicar e seca rapidamente. Quando uso apenas o protetor ele até segura bem a oleosidade, mas com outros produtos sobrepostos acaba deixando alguma oleosidade. Não esfarela, mesmo usando mais de uma camada ou com maquiagem sobreposta. Tem um sensorial agradável.
Sim, eu recomendo este produto
Esta avaliação foi útil?
0
Joice B.
28/12/2023
Ótimo custo benefício, não fica esbranquiçado, sem make segura oleosid
Uso esse protetor a algum tempo e considero ótimo custo benefício. Tem um sensorial agradável. Não é extremamente sequinho, mas sozinho, sem make segura bem a oleosidade. Não fica esbranquiçado na pele.
Sim, eu recomendo este produto
Esta avaliação foi útil?
0
Bianca M.
25/10/2023
Protetor muito bom.
Tenho pele oleosa e ele deixa bem sequinha, sem aquele efeito seco de mais.
Sim, eu recomendo este produto
Esta avaliação foi útil?
0";4.7;"2024-09-01 21:12:45.492393";21.3;43;1;26.1;28;1;30.4;46;1;18.3;77;1;24.1;83;1
"Protetor Solar Facial Neutrogena Sun Fresh FPS 30 - 40g";"Marca Neutrogena";"https://recs.algorecs.com/rrserver/api/find/v1/track/click/c85912f892c73e30?a=c85912f892c73e30&vg=3962ede0-9dbb-4fed-683e-1f646c042df0&pti=2&pa=find&hpi=0&stn=PersonalizedProductSearchAndBrowse&stid=184&rti=2&sgs=&uguid=395eede0-9dbb-4fed-683e-1f646c042df0&channelId=WEB&s=&pg=-1&page=1&query=protetor+solar+facial&lang=pt&searchConfigId=5b44b8a0947195000ef22caf&searchType=CATALOG&p=45241&ind=10&ct=https%3A%2F%2Fwww.epocacosmeticos.com.br%2Fprotetor-solar-facial-neutrogena-sun-fresh-fps-30%2Fp&redirect=true";"55,99";"O que é e para que serve? 
Protetor Solar Facial Neutrogena Sun FreshFPS 30 , 40g possui textura ultraleve e hidratante que não derrete e oferece alta proteção contra os raios UVA, UVB e ajuda a proteger contra a luz visível com sua exclusiva tecnologia HELIOPLEX XP. 

Com ativos ricos em propriedades hidratantes que deixam a pele macia, aveludada e preenchida e complexo antioxidante rejuvenescedor formado por Niacinamida, ativo clareador de sinais causados pelo sol, Feverfew e Vitamina C, poderosos antioxidantes. 

Melhora a firmeza e elasticidade da pele e possui textura não oleosa. Dermatologicamente testado e adequado para peles sensíveis.

Benefícios e diferenciais: 
Fórmula que não derrete/escorre com suor e umidade;
Deixa a pele aveludada e macia;
Devolve o brilho natural da pele saudável;
Melhora a firmeza e elasticidade da pele;
Deixa a sensação prolongada de pele hidratada;
Testado e aprovado para a pele sensível. 

Como usar: 
Aplique abundantemente antes da exposição ao sol. Reaplicar sempre, após sudorese intensa, nadar ou banhar-se, secar-se com toalha e durante a exposição ao sol. É necessária a reaplicação do produto para manter a sua efetividade de proteção solar. Uso diário.

Precauções: 
Se a quantidade aplicada não for adequada, o nível de proteção será significativamente reduzido. Ajuda a prevenir as queimaduras solares, mas não oferece nenhuma proteção contra a insolação. Evite exposição prolongada das crianças ao sol. Produto de uso adulto. Evite contato com os olhos. Caso isso aconteça, enxágue-os com água em abundância. Em contato com tecido pode causar manchas. Conservar em local fresco e ao abrigo da luz solar direta.";"Gabriela O.
08/09/2023
Muito bom!
Não deixa branco e é bem seco!
Sim, eu recomendo este produto
Esta avaliação foi útil?
0
Amanda B.
15/08/2023
Ainda estou testando
Esta avaliação foi útil?
0
Rejane S.
06/05/2023
Não é tão bom
Não compraria novamente, achei que deixou minha pele oleosa.
Não, eu não recomendo este produto
Esta avaliação foi útil?
1
Poliana S.
27/03/2023
Recomendo
Excelente, leve , fácil absorção
Esta avaliação foi útil?
1";4.8;"2024-09-01 21:12:45.492393";21.3;43;1;26.1;28;1;30.4;46;1;18.3;77;1;24.1;83;1
"Protetor Solar Facial L'Oréal Paris Solar Expertise Antirrugas FPS 60 - 40g";"Marca L'Oréal Paris";"https://recs.algorecs.com/rrserver/api/find/v1/track/click/c85912f892c73e30?a=c85912f892c73e30&vg=3962ede0-9dbb-4fed-683e-1f646c042df0&pti=2&pa=find&hpi=0&stn=PersonalizedProductSearchAndBrowse&stid=184&rti=2&sgs=&uguid=395eede0-9dbb-4fed-683e-1f646c042df0&channelId=WEB&s=&pg=-1&page=1&query=protetor+solar+facial&lang=pt&searchConfigId=5b44b8a0947195000ef22caf&searchType=CATALOG&p=6091&ind=11&ct=https%3A%2F%2Fwww.epocacosmeticos.com.br%2Fsolar-expertise-facial-antirrugas-fps-60-l-oreal-paris-protetor-solar%2Fp&redirect=true";"49,43";"O Protetor Solar Facial Anti-rugas FPS 60 de L'Oréal Paris é um protetor solar facial de uso diário desenvolvido para todos os tipos de pele. Possui filtros solares de altíssima eficácia que entregam alta proteção contra os raios UVA/UVB, prevenindo o envelhecimento cutâneo provocado pela exposição ao sol (rugas e manchas solares). 

Dupla ação antienvelhecimento: sua fórmula é enriquecida com Ativo Hialurônico que hidrata a pele, reduzindo e prevenindo o surgimento de rugas graças a sua ação preenchedora.

Além de alta proteção UVA/UVB contra os efeitos do sol, possui textura leve e fácil de espalhar. Sua fórmula de alta tecnologia é de fácil aplicação, possui rápida absorção oil-free e resistência à água.

Seu rosto até 30 vezes mais protegido do que se você não tivesse aplicado o produto.

Benefícios: 
- Alta proteção contra raios UVA e UVB
- Rosto até 30 vezes mais protegido.
- Previne rugas e hidrata a pele, devido ao Ativo Hialurônico.
- Previne o envelhecimento solar
- Previne rugas e manchas solares
- Rápida absorção
- Oil-free

Modo de Usar: 
Aplique abundantemente sobre a pele 30 minutos antes da exposição ao sol. Se a quantidade aplicada não for adequada, o nível de proteção será significativamente reduzido. 

A Linha: 
Os Laboratórios L'Oréal Paris desenvolveram o Solar Facial Expertise que oferece proteção solar de amplo espectro contra os raios UVA, responsáveis pelo envelhecimento da pele, e UVB, que causam queimaduras solares. Previne a aparição de rugas, manchas solares e queimaduras provocadas pelo sol, preservando a elasticidade e a hidratação natural da pele. As fórmulas são resistentes à água, com textura leve de rápida absorção.";"Bruna F.
09/07/2024
Gostei mas tem que passar pouquinho! Se não parece que a pele tá oleosa
Sim, eu recomendo este produto
Esta avaliação foi útil?
0
Alexandra D.
17/04/2024
Que faz jus ao descrito na embalagem
excelente produto,deixa a pele macia!
Sim, eu recomendo este produto
Esta avaliação foi útil?
0
ELESANDRA D.
01/04/2024
Gostei muito do produto. Deixa a pele macia , clareia e lisa.
Sim, eu recomendo este produto
Esta avaliação foi útil?
0
Mariana P.
16/03/2024
O preferido da minha mãe! Para minha pele que é oleosa, não deu certo!
Sim, eu recomendo este produto
Esta avaliação foi útil?
0";4.5;"2024-09-01 21:12:45.492393";21.3;43;1;26.1;28;1;30.4;46;1;18.3;77;1;24.1;83;1
"Protetor Solar Facial Eucerin - Sun Gel-Creme Oil Control FPS 60 - 52g";"Marca Eucerin";"https://recs.algorecs.com/rrserver/api/find/v1/track/click/c85912f892c73e30?a=c85912f892c73e30&vg=3962ede0-9dbb-4fed-683e-1f646c042df0&pti=2&pa=find&hpi=0&stn=PersonalizedProductSearchAndBrowse&stid=184&rti=2&sgs=&uguid=395eede0-9dbb-4fed-683e-1f646c042df0&channelId=WEB&s=&pg=-1&page=1&query=protetor+solar+facial&lang=pt&searchConfigId=5b44b8a0947195000ef22caf&searchType=CATALOG&p=19504&ind=12&ct=https%3A%2F%2Fwww.epocacosmeticos.com.br%2Fprotetor-solar-facial-eucerin-sun-gel-creme-oil-control-fps-60%2Fp&redirect=true";"84,92";"Sun Gel-Creme Oil Control FPS 60 proporciona proteção solar diária para pele oleosa e com tendência à acne. Eucerin desenvolveu uma proteção mais efetiva contra os danos induzidos pelo sol e é especificamente adaptada para a pele oleosa e com tendência à acne. 

Com amplo espectro de proteção, sistema de filtros UVA/UVB fotoestáveis e proteção biológica das células – o antioxidante Licochalcona A protege as células das camadas mais profundas da epiderme enquanto o Ácido Glicirretínico ajuda na renovação dos mecanismos de defesa naturais do DNA celular. Além disso, a Tecnologia Oil Control com toque seco e o ativo sebo regulador L-Carnitina, deixa sensação de pele matificada instantaneamente e oferece controle da produção de sebo resultando em uma pele menos oleosa.

Estudos clínicos comprovaram uma alta tolerabilidade de Sun Creme-Gel Oil Control FPS60, mesmo em pacientes com pele sensível e oleosa, propensa à acne.

A eficácia da formulação matificante com L-Carnitina, um regulador de oleosidade, e com pigmentos absorvedores de lipídeos foi também testada e avaliada em estudos de produto em uso (PIU).

 A Marca:
Eucerin, está associada ao pioneirismo na inovação de fórmulas para o cuidado da pele. Desde o início, a pesquisa e o desenvolvimento de produtos Eucerin estão ligados à pesquisa dermatológica. Há mais de 100 anos, Eucerin é uma das marcas pioneiras no desenvolvimento científico e inovação. Hoje, somos reconhecidos, como uma das principais e mais confiáveis marcas de dermocosméticos, recomendada por dermatologistas e farmacêuticos ao redor do mundo.

Indicado:
Para pele oleosa e com tendência a acne.

Benefícios:
- Muito alata protação UVA/UVB;
- Efeito anti-brilho;
- Textura ultra leve e não oleosa;
- Rápida absorção;
- Adequado para uso antes da maquiagem.

Modo de Usar:
Aplicar abundantemente 30 minutos antes da exposição ao sol e sempre que necessário. Se a quantidade aplicada não for adequada, o nível de proteção será significativamente reduzido. É necessária a reaplicação do produto para manter sua efetividade. Reaplicar sempre, após a sudorese intensa, nadas ou banhar-se, secar-se com toalha durante a
exposição ao sol.";"Thaís M.
23/08/2024
Bem sequinho
Meu protetor favorito. Sequinho, cremoso e absorve rápido na pele, simplesmente perfeito!
Sim, eu recomendo este produto
Esta avaliação foi útil?
0
Luana S.
20/08/2024
tinha receio de comprar mas mim surpriende com a qualidade
chegou dentro do prazo ele é excelente realmente cumprir minha pele é bastante olioza vale cada centavo e mas barato do que nas farmácias
Sim, eu recomendo este produto
Esta avaliação foi útil?
0
Camila V.
03/08/2024
Bem leve, fácil espalhar e bem sequinho
Sim, eu recomendo este produto
Esta avaliação foi útil?
0
Adriél d.
24/07/2024
Bom, apesar de não ser matte
Ele é bom, ele não resseca a pele, tem uma textura creme mas leve. Não é exatamente matte mas também não deixa a pele sebosa.
Sim, eu recomendo este produto
Esta avaliação foi útil?
0";4.8;"2024-09-01 21:12:45.492393";21.3;43;1;26.1;28;1;30.4;46;1;18.3;77;1;24.1;83;1
"Protetor Solar Facial Neostrata Minesol Oil Control FPS 70 - Claro";"Marca Neostrata";"https://recs.algorecs.com/rrserver/api/find/v1/track/click/c85912f892c73e30?a=c85912f892c73e30&vg=3962ede0-9dbb-4fed-683e-1f646c042df0&pti=2&pa=find&hpi=0&stn=PersonalizedProductSearchAndBrowse&stid=184&rti=2&sgs=&uguid=395eede0-9dbb-4fed-683e-1f646c042df0&channelId=WEB&s=&pg=-1&page=1&query=protetor+solar+facial&lang=pt&searchConfigId=5b44b8a0947195000ef22caf&searchType=CATALOG&p=42831&ind=13&ct=https%3A%2F%2Fwww.epocacosmeticos.com.br%2Fprotetor-solar-com-cor-neostrata-mineol-oil-control-fps-70%2Fp&redirect=true";"83,19";"Imagem meramente ilustrativa. A embalagem está sendo atualizada pelo fabricante, você poderá receber uma das duas embalagens.

O que é e para o que serve? 
Protetor Solar Facial com alta fixação e cobertura de longa duração, possui fórmula com Neoglucosamina, Feverfew e Vitamina E, corrigindo linhas finas e acelerando a renovação celular. 

Sua fórmula com cor possui tons especialmente desenvolvidos para a pele brasileira, em uma textura ultraleve e com efeito blur matificante, reduz a oleosidade com o uso contínuo. 

Controla o brilho por até 12 horas enquanto oferece proteção avançada contra raios UVB, UVA, UVA longo, protege contra a luz visível e poluição. 

Benefícios e diferenciais: 
-Tecnologia de proteção avançada 3D Extended Defense: UVB, UVA, UVA longo, protege contra a luz visível e poluição 
-Com Feverfew* + Vitamina E: poderosos antioxidantes, previnem e combatem os sinais de envelhecimento da pele 
-Com Neoglucosamina: que estimula a síntese de colágeno, corrige rugas e linhas finas com uso contínuo. 
-Com Sepicontrol-A5: ativo regulador da oleosidade 
-Com microesferas absorvedoras: efeito matte duradouro 
-Efeito blur matificante: 12h de controle ativo e redução da oleosidade 
-Redução de até 86%** da oleosidade da pele em 28 dias 
-Corrige linhas finas e rugas***: pele mais lisa e uniforme 
-Gel creme com sensorial ultraleve: não derrete e não pesa 
-Alta fixação e cobertura de longa duração 
-Fragrância suave 
-Indicado para pele mista, pele oleosa e pele acneica 
-Dermatologicamente testado e não comedogênico 

*Estudo in vitro. ** Estudo clínico conduzido em 36 mulheres de pele oleosa, 18-45 anos, para avaliação de eficácia do produto na redução da oleosidade da pele em condições controladas (12 horas) e em condições reais de uso, por 28 dias. ***Com o uso contínuo. 

Como usar: 
Aplique abundantemente antes da exposição ao sol. Reaplicar sempre após sudorese intensa, nadar ou banhar-se, secar-se com toalha e durante a exposição ao sol. *É necessária a reaplicação do produto a cada 2 horas para manter a efetividade da proteção solar. Uso diário. Conservar em local fresco e ao abrigo da luz solar direta. 

Composição: 
-Feverfew: Antioxidante 5x mais potente que a Vitamina C, combate os radicais livres e auxilia na prevenção dos sinais de envelhecimento da pele*. 
*Estudo in vitro 

-Neoglucosamina: Ativo anti-idade de NEOSTRATA, que estimula a síntese de colágeno, corrige rugas e linhas finas com uso contínuo. 

 -Vitamina E: Poderoso antioxidante, combate fatores externos de envelhecimento da pele como a poluição e os raios UV, prevenindo o envelhecimento precoce. 

Precauções: 
Se a quantidade aplicada não for adequada, o nível de proteção será significativamente reduzido. Ajuda a prevenir as queimaduras solares, mas não oferece nenhuma proteção contra a insolação. Evite exposição prolongada das crianças ao sol. Produto de uso adulto. Evite contato com os olhos. Caso isso aconteça, enxágue-os com água em abundância. Em contato com tecido pode causar manchas.";"Dalma t.
01/09/2024
Boa cobertura, não fica oleoso, boa cobertura.
Sim, eu recomendo este produto
Esta avaliação foi útil?
0
Erica C.
30/08/2024
Me surpreendi… ele é ótimo mesmo, sequinho, a cor encaixou super bem. É um produto mto eficiente, gostei, indico
Sim, eu recomendo este produto
Esta avaliação foi útil?
0
Marcos a.
30/08/2024
Excelente para pele com acne
Excelente para cobrir imperfeições. Tenho pele com acne e uso todos os dias um hidratante leve e depois esse protetor.
Sim, eu recomendo este produto
Esta avaliação foi útil?
0
Maria N.
26/08/2024
Perfeito, ótima cobertura e sequinho.
Melhor protetor solar com cor, deixar a pele com aspecto maravilhoso e é bem sequinho. Escorre um pouco no exercício, ou se suar muito, é mais para dia a dia.
Sim, eu recomendo este produto
Esta avaliação foi útil?
0";4.8;"2024-09-01 21:12:45.492393";21.3;43;1;26.1;28;1;30.4;46;1;18.3;77;1;24.1;83;1
"Protetor Solar Facial FPS 70 Clareador Anasol - 60g";"Marca Anasol";"https://recs.algorecs.com/rrserver/api/find/v1/track/click/c85912f892c73e30?a=c85912f892c73e30&vg=3962ede0-9dbb-4fed-683e-1f646c042df0&pti=2&pa=find&hpi=0&stn=PersonalizedProductSearchAndBrowse&stid=184&rti=2&sgs=&uguid=395eede0-9dbb-4fed-683e-1f646c042df0&channelId=WEB&s=&pg=-1&page=1&query=protetor+solar+facial&lang=pt&searchConfigId=5b44b8a0947195000ef22caf&searchType=CATALOG&p=36137&ind=14&ct=https%3A%2F%2Fwww.epocacosmeticos.com.br%2Fprotetor-solar-facial-fps-70-clareador-anasol%2Fp&redirect=true";"54,90";"Uso diário, para todo tipo de pele. Loção oil free com toque seco. Contém Niacinamida que auxilia no clareamento e uniformização da pele, Aloe Vera, Pró-Vitamina B5, Argila e Vitamina E que promovem hidratação, redução da oleosidade e neutralização dos radicais livres. 

Com ação antissinais, auxilia na prevenção das rugas, envelhecimento precoce e queimaduras causadas pelos raios solares. Contém proteção UVA equivalente a, no mínimo, 1/3 do FPS declarado (proteção UVB). Ajuda a proteger contra a luz visível e minimiza os danos mais profundos na pele causados pelos raios infravermelhos (IV), devido à ação antioxidante do produto. Oferece proteção muito alta. Dermatologicamente testado. Formulado de maneira a minimizar possível surgimento de alergia. 

Benefícios:
? FPS 70 - Ampla Proteção: UVA, UVB, luz visível e raios infravermelhos.
? Clareia e uniformiza a pele.
? Ação antissinais.
? Promove efeito matte e toque seco.
? Contém Argila orgânica que auxilia no controle da oleosidade e repõe minerais à pele.
? Vitamina E, Aloe Vera e Pantenol com ação hidratante e antioxidante.
? Resistente à água.
? Oil free.
? Dermatologicamente testado, hipoalergênico, não comedogênico.
? Uso diário.

Ativos:
 Niacinamida, Polímero Natural, Tinosorb M, Dióxido de Titânio, Uvinul A Plus, Neo Heliopan AP.

Modo de Usar: 
Agite antes de usar. Proteção imediata. Aplique abundantemente antes da exposição ao sol. Resistente à água: mantém a proteção solar por 40 minutos dentro da água. Reaplicar sempre, após sudorese intensa, nadar ou banhar-se, secar-se com toalha e durante a exposição ao sol. É necessária a reaplicação do produto para manter a sua efetividade. Se a quantidade aplicada não for adequada, o nível de proteção será significativamente reduzido.

Registro ANVISA: 25351.682379/2018-41";"Norma S.
12/04/2024
Muito bom! Não arde os olhos, proteção excelente e clareia mesmo à pele. Amo!!!
Sim, eu recomendo este produto
Esta avaliação foi útil?
0
Jussane g.
08/01/2024
P minha pele não deu ele é bem oleoso
Não, eu não recomendo este produto
Esta avaliação foi útil?
0
Dalleth T.
03/01/2024
Protetor levinho e ótimo para o dia a dia. Tô sempre recomprando
Sim, eu recomendo este produto
Esta avaliação foi útil?
0
Lucia i.
02/01/2024
Ótimo pra quem quer ficar com a pele clara e bem cuidada!
Deixa a pele macia e dias depois vc já nota resultado a pele bem clara , removendo as manchas!! Só achei o produto não é muito consistente a textura ,máis espalha bem na pele!!
Sim, eu recomendo este produto
Esta avaliação foi útil?
0";4.6;"2024-09-01 21:12:45.492393";21.3;43;1;26.1;28;1;30.4;46;1;18.3;77;1;24.1;83;1
"Protetor Solar Facial Episol SEC OC FPS 60 - Mantecorp Skincare - 60g";"Marca Mantecorp Skincare";"https://recs.algorecs.com/rrserver/api/find/v1/track/click/c85912f892c73e30?a=c85912f892c73e30&vg=3962ede0-9dbb-4fed-683e-1f646c042df0&pti=2&pa=find&hpi=0&stn=PersonalizedProductSearchAndBrowse&stid=184&rti=2&sgs=&uguid=395eede0-9dbb-4fed-683e-1f646c042df0&channelId=WEB&s=&pg=-1&page=1&query=protetor+solar+facial&lang=pt&searchConfigId=5b44b8a0947195000ef22caf&searchType=CATALOG&p=37446&ind=15&ct=https%3A%2F%2Fwww.epocacosmeticos.com.br%2Fprotetor-solar-facial-episol-sec-oc-fps-60%2Fp&redirect=true";"73,49";"Episol Sec OC é uma linha de protetor solar indicada para pele oleosa. 

Devido a sua tecnologia Skin Self Control com ativos que agem diretamente na glândula sebácea, Episol Sec OC controla a oleosidade da pele por 12h, reduz os poros e proporciona sensação de pele limpa com toque seco e efeito matificante. Oferece alta proteção contra os danos solares causados pelos raios UVA/UVB e Infravermelho A.

O fotoprotetor Episol SEC OC é uma nova geração de protetor solar facial para peles oleosas. 

Sua fórmula conta com o exclusivo ""Skin Self Control"", ativo que auxilia no controle da oleosidade da pele. 

Os principais benefícios de Episol SEC OC são a alta proteção UVA/UVB e contra os raios Infravermelho A; o controle da oleosidade por 12 horas; o controle de brilho, promovendo um efeito Matte; a redução do tamanho e quantidade de poros; proporciona uma sensação de pele limpa; possui ação antioxidante preservando o colágeno.

O protetor solar Episol SEC OC possui toque seco, rápida absorção e não deixa resíduos. Além disso, possui excelente textura e é muito resistente à água. Episol SEC OC possui 3 oções disponíveis para que você escolha a que melhor se adapta à sua pele e à sua necessidade: FPS 30, FPS 60 e FPS 99, todos com 60g.";"Erica C.
30/08/2024
Eu gostei. Sim, ele fica esbranquiçado, mas eu comprei p usar como primeira camada e um outro com cor p ser a segunda camada
Sim, eu recomendo este produto
Esta avaliação foi útil?
0
Diana A.
15/08/2024
Deixa a pele muito esbranquiçada . Textura grossa.
Não, eu não recomendo este produto
Esta avaliação foi útil?
0
Hechilem C.
15/08/2024
Ótimo produto
Produto recomendado por Dermatologistas, protege bem a pele e auxilia na redução da oleosidade na pele, é um ótimo produto para peles oleosas e acneicas.
Sim, eu recomendo este produto
Esta avaliação foi útil?
0
Sanany R.
31/07/2024
Satisfação
Super leve , o produto espalha direto e deixa uma sensação incrível de pele seca sem brilho, gostei muito e estou muito satisfeita.
Sim, eu recomendo este produto
Esta avaliação foi útil?
0";4.7;"2024-09-01 21:12:45.492393";21.3;43;1;26.1;28;1;30.4;46;1;18.3;77;1;24.1;83;1
"Protetor Solar Facial Episol Color- Mantecorp Skincare Fps 30 - Pele Clara";"Marca Mantecorp Skincare";"https://recs.algorecs.com/rrserver/api/find/v1/track/click/c85912f892c73e30?a=c85912f892c73e30&vg=3962ede0-9dbb-4fed-683e-1f646c042df0&pti=2&pa=find&hpi=0&stn=PersonalizedProductSearchAndBrowse&stid=184&rti=2&sgs=&uguid=395eede0-9dbb-4fed-683e-1f646c042df0&channelId=WEB&s=&pg=-1&page=1&query=protetor+solar+facial&lang=pt&searchConfigId=5b44b8a0947195000ef22caf&searchType=CATALOG&p=12113&ind=16&ct=https%3A%2F%2Fwww.epocacosmeticos.com.br%2Fprotetor-solar-facial-fps-30-episol-color-protetor-solar%2Fp&redirect=true";"84,90";"Episol Color é uma linha de proteção solar com cor que promove cobertura perfeita e uniforme da pele, com efeito matte e toque seco. Este produto possui inovador sistema de dispersão de pigmentos, não obstrui os poros e previne o envelhecimento precoce, com alta proteção. Está disponível em cinco tonalidades (pele extra clara, pele clara, pele morena, pele morena mais e pele negra).


O Protetor Solar Facial Fps 30 contém agentes de textura, que proporcionam efeito matte (efeito anti-brilho), e pigmentos de origem mineral capazes de difundir a luz, disfarçando pequenas rugas, linhas de expressão e imperfeições da pele. Protege a pele imediatamente após sua aplicação. O uso regular auxilia na prevenção do câncer de pele e de outros efeitos danosos causados pelo sol, como o envelhecimento precoce. Ajuda a prevenir queimaduras solares. É hipoalergênico (este produto foi formulado de maneira a minimizar o possível surgimento de alergia) e não comedogênico (não provoca cravos). Oferece alta proteção contra queimaduras.

Benefícios:
• Inovador sistema de dispersão dos pigmentos.
• Impede a formação de aglomerados.
• Promove perfeita cobertura e uniformidade da pele.
• Alta proteção UVA, UVB e luz visível.
• Textura foundant com efeito base.
• Efeito matificante/Toque seco.
• Sem fragrância.
• Não comedogênico.
• Muito resistente à água.
• Proteção imediata.
• Uso diário.

Modo de Usar:
O Protetor Solar Facial Fps 30 deve ser aplicado em abundância e uniformemente sobre a pele seca antes da exposição ao sol, ou sempre que necessário, se a quantidade aplicada não for adequada, o nível de proteção será significativamente reduzido. Recomenda-se a reaplicação do produto após transpiração excessiva, exercício físico, mergulho, exposição prolongada ao sol ou após secar-se com toalha, a fim de assegurar sua eficácia.";"Debora C.
28/06/2024
Boa cobertura e não deixa oleoso
Sim, eu recomendo este produto
Esta avaliação foi útil?
0
Daniele S.
28/05/2024
Já virou o meu protetor favorito
Na minha pele ficou bem seco, fica com uma boa textura eu gostei bastante
Sim, eu recomendo este produto
Esta avaliação foi útil?
0
Maria G.
26/04/2024
Protetor e bom o problema que eu, comprei a cor médio e ficou escura pra mim quando a gente passa ele fica legal depois ele escurece se eu estivesse compra a cor clara teria dado certo.
Sim, eu recomendo este produto
Esta avaliação foi útil?
0
Maria É.
19/04/2024
Não mancha a roupa facilmente, não transferi no suor.
Produto muito bom, atendeu todas as minhas expectativas.
Sim, eu recomendo este produto
Esta avaliação foi útil?
0";4.8;"2024-09-01 21:12:45.492393";21.3;43;1;26.1;28;1;30.4;46;1;18.3;77;1;24.1;83;1
"Protetor Solar Facial ISDIN Foto Ultra Spot Prevent FPS 99 - 50ml";"Marca Isdin";"https://recs.algorecs.com/rrserver/api/find/v1/track/click/c85912f892c73e30?a=c85912f892c73e30&vg=3962ede0-9dbb-4fed-683e-1f646c042df0&pti=2&pa=find&hpi=0&stn=PersonalizedProductSearchAndBrowse&stid=184&rti=2&sgs=&uguid=395eede0-9dbb-4fed-683e-1f646c042df0&channelId=WEB&s=&pg=-1&page=1&query=protetor+solar+facial&lang=pt&searchConfigId=5b44b8a0947195000ef22caf&searchType=CATALOG&p=27823&ind=17&ct=https%3A%2F%2Fwww.epocacosmeticos.com.br%2Ffotoprotetor-facial-isdin-fotoultra-spot-prevent-fps-99-%2Fp&redirect=true";"139,56 em 2x de R$ 69,78";"FotoUltra Spot Prevent FPS 99 é um protetor solar facial diário que previne alterações de pigmentação causadas pelo sol. Para todos os tipos de pele, inclusive peles sensíveis e reativas. 

Oferece um fator de proteção UVA 3 vezes maior do que o mínimo exigido para um fotoprotetor FPS 99. Excelente cosmeticidade com textura Fusion Fluid que se funde com a pele proporcionando uma aplicação diária agradável.

Indicado:
Adequado para prevenir o processo de aparecimentos de áreas escurecidas que podem ocorrer durante a gravidez. Adequado para pré e pós procedimentos estéticos.

Benefícios:
. Resistente à água. 
. Ideal para ser aplicado antes da maquiagem. 
. Não comedogênico. 
. Não acnegênico. 
. Hipoalergênico. 
. Muito alta proteção solar que ajuda a prevenir o aparecimento de marcas escuras devidas a exposição solar.

Ativo:
Ácido Hialurônico: que melhora a elasticidade da pele e Alantoínam que melhora a cicatrização pós procedimentos.

Tecnologia:
Textura Fusion Fluid: exclusiva fórmula que, através do calorf e da fricção durante a aplicação, se torna mais fluida e se funde com a pele. 

Modo de Usar:
Uso diário. Aplicar abundantemente sobre a pele seca, meia hora antes da exposição ao sol. Reaplicar de 2 em 2 horas, e após sudorese intensa, nadar ou banhar-se , secar-se com toalha e durante a exposição ao sol.";"SEM COMENTARIOS";0;"2024-09-01 21:12:45.492393";21.3;43;1;26.1;28;1;30.4;46;1;18.3;77;1;24.1;83;1
"Protetor Solar Facial L'Oréal Paris Solar Expertise Antirrugas Com Cor FPS60 - 40g";"Marca L'Oréal Paris";"https://recs.algorecs.com/rrserver/api/find/v1/track/click/c85912f892c73e30?a=c85912f892c73e30&vg=3962ede0-9dbb-4fed-683e-1f646c042df0&pti=2&pa=find&hpi=0&stn=PersonalizedProductSearchAndBrowse&stid=184&rti=2&sgs=&uguid=395eede0-9dbb-4fed-683e-1f646c042df0&channelId=WEB&s=&pg=-1&page=1&query=protetor+solar+facial&lang=pt&searchConfigId=5b44b8a0947195000ef22caf&searchType=CATALOG&p=33700&ind=18&ct=https%3A%2F%2Fwww.epocacosmeticos.com.br%2Fsolar-expertise-facial-antirrugas-fps-60-l-oreal-paris-protetor-solar-com-cor%2Fp&redirect=true";"49,33";"O Protetor Solar com Cor Solar Expertise Facial Antirrugas FPS 60 da L'oréal Paris é um protetor solar facial de uso diário desenvolvido para todos os tipos de pele. Sua fórmula possui filtros solares MEXORYL SX + XL de altíssima eficácia que entrega alta proteção contra os raios UVA/UVB, prevenindo o envelhecimento cutâneo provocado pela exposição ao sol (rugas e manchas solares). 

Dupla ação antienvelhecimento: com Ativo Hialurônico, hidrata a pele reduzindo e prevenindo o surgimento de rugas graças a sua ação preenchedora.

Além de alta proteção UVA/UVB contra os efeitos do sol, possui textura leve e fácil de espalhar. Sua fórmula de alta tecnologia é de fácil aplicação, possui rápida absorção oil-free e resistência à água.

Seu rosto até 60 vezes mais protegido do que se você não tivesse aplicado o produto.

Resultado:
- Imediatadamente: uniformiza o tom da pele. Efeito matte o dia todo.
- Em apenas 15 dias: deixa a pele mais macia, melhora a elasticidade e aumenta a luminosidade.

Benefícios
- Alta proteção contra raios UVA e UVB
- Rosto até 60 vezes mais protegido.
- Proteção com cor anti-imperfeições
- Previne rugas e hidrata a pele, devido ao Ativo Hialurônico.
- Previne o envelhecimento solar
- Previne rugas e manchas solares
- Rápida absorção
- Oil-free

Modo de Usar:
Aplique abundantemente sobre a pele 30 minutos antes da exposição ao sol. Se a quantidade aplicada não for adequada, o nível de proteção será significativamente reduzido. 

A Linha:
Os Laboratórios L'Oréal Paris desenvolveram o Solar Facial Expertise que oferece proteção solar de amplo espectro contra os raios UVA, responsáveis pelo envelhecimento da pele, e UVB, que causam queimaduras solares. Previne a aparição de rugas, manchas solares e queimaduras provocadas pelo sol, preservando a elasticidade e a hidratação natural da pele. As fórmulas são resistentes à água, com textura leve de rápida absorção.";"Andréa H.
26/08/2024
Recomendo
Ótima cobertura
Sim, eu recomendo este produto
Esta avaliação foi útil?
0
Idalina m.
10/08/2024
Se o produto é bom
Muito bom, excelente qualidade
Sim, eu recomendo este produto
Esta avaliação foi útil?
0
Thays N.
17/07/2024
Eu adoro os protetores solares da L'Oreal, pra mim são os melhores em custo benefício. Ofere Boa cobertura e são sequinhos.
Sim, eu recomendo este produto
Esta avaliação foi útil?
0
Vanusa S.
01/07/2024
Excelente!
Já uso o produto há algum tempo. É ótimo! Não é oleoso, cobre bem as imperfeições e não me causa alergia, tendo em vista que tenho dificuldades nesse ponto.
Sim, eu recomendo este produto
Esta avaliação foi útil?
0";4.8;"2024-09-01 21:12:45.492393";21.3;43;1;26.1;28;1;30.4;46;1;18.3;77;1;24.1;83;1
"Protetor Solar Facial Hidratante Garnier Skin - Uniform & Matte Vitamina C FPS 50 - Negra";"Marca Garnier Skin";"https://recs.algorecs.com/rrserver/api/find/v1/track/click/c85912f892c73e30?a=c85912f892c73e30&vg=3962ede0-9dbb-4fed-683e-1f646c042df0&pti=2&pa=find&hpi=0&stn=PersonalizedProductSearchAndBrowse&stid=184&rti=2&sgs=&uguid=395eede0-9dbb-4fed-683e-1f646c042df0&channelId=WEB&s=&pg=-1&page=1&query=protetor+solar+facial&lang=pt&searchConfigId=5b44b8a0947195000ef22caf&searchType=CATALOG&p=46230&ind=19&ct=https%3A%2F%2Fwww.epocacosmeticos.com.br%2Fprotetor-solar-hidratante-garnier-uniform-e-matte-vitamina-c%2Fp&redirect=true";"40,64";"Em busca de um protetor hidratante TUDO EM 1, com alta eficácia dermatológica por um preço acessível? O novo Protetor Hidratante Uniform & Matte Vitamina C com cor foi feito para você!

Tudo que você sempre sonhou em 1 só produto: corrige, reduz e previne manchas.

Disponível em 4 cores diferentes que, graças a sua tecnologia camaleão, se adapta ao subtom da sua pele e garante uma cobertura uniforme que não deixa um acabamento acinzentado ou esbranquiçado. Aprovado por dermatologistas, para todas nós!

Resultados vísiveis e comprados:

- Correção instantânea de manchas, pele uniforme.

- Redução de manchas garantida pela ação antioxidante da Vitamina C.

- Tecnologia antioleosidade que garante o efeito matte.

- Prevenção de manchas solares com o FPS 50

- Tecnologia Camaleão: a cor se adapta ao seu subtom de pele

Nossa tecnologia

- Vitamina C: Poderoso antioxidante que reduz marcas, imperfeições e uniformiza a pele

- FPS 50: Alta proteção solar contra raios UVA/UVB

- Tecnologia de Cor - Camaleão: Se adapta ao subtom da sua pele, garantindo uma cobertura uniforme sem deixar o acabamento acinzentado ou esbranquiçado. 

- Tecnologia Antioleosidade - Silicair: Garante uma hidratação leve, efeito matte antioleosidade e uniformização da pele reduzindo a aparência de poros e deixando a pele com um aspecto mais liso.

Aprovado por dermatologistas, para todas nós!

Modo de uso:

Aplique abundantemente sobre a pele 30 minutos antes da exposição ao sol. Se a quantidade aplicada não for adequada, o nível de proteção será significativamente reduzido.

Dica Garnier: Pode ser aplicado também pela noite! ;)";"Keyla A.
18/04/2024
Excelente protetor com cor.
Esse é um protetor com cor que realmente vale a pena, pois tem um custo beneficio ótimo, em vista de outras marcas que são mais caros, gosto muito, fora que rende muito.
Sim, eu recomendo este produto
Esta avaliação foi útil?
0
Ana c.
13/02/2024
Garantia de uma marca conhecida com excelente custo benefício
Excelente cobertura. Cor perfeita. Segura a oleosidade e efeito mate. Arde o olho um pouco quando passa próximo a esta área mas passa logo o que não me incomodou muito. Já comprei pela 2a vez.
Sim, eu recomendo este produto
Esta avaliação foi útil?
0
Monira B.
01/02/2024
Empresa não realiza a entrega e não cumpre os prazos
Estou extremamente insatisfeito com a falta de entrega e o péssimo atendimento ao cliente da Época Cosméticos. Minha compra online não foi entregue dentro do prazo e as tentativas de solução foram infrutíferas devido ao mau atendimento recebido. Exijo uma solução imediata para este problema e espero uma compensação pelo transtorno causado.
Não, eu não recomendo este produto
Esta avaliação foi útil?
0
Dayvyanne A.
08/12/2023
Amei. Se uniformiza muito bem na pele. Toque macio e seco
Sim, eu recomendo este produto
Esta avaliação foi útil?
0";4.5;"2024-09-01 21:12:45.492393";21.3;43;1;26.1;28;1;30.4;46;1;18.3;77;1;24.1;83;1
"Protetor Solar Facial Para Pele Oleosa Neutrogena Sun Fresh Derm Care FPS70 - Clara";"Marca Neutrogena";"https://recs.algorecs.com/rrserver/api/find/v1/track/click/c85912f892c73e30?a=c85912f892c73e30&vg=3962ede0-9dbb-4fed-683e-1f646c042df0&pti=2&pa=find&hpi=0&stn=PersonalizedProductSearchAndBrowse&stid=184&rti=2&sgs=&uguid=395eede0-9dbb-4fed-683e-1f646c042df0&channelId=WEB&s=&pg=-1&page=1&query=protetor+solar+facial&lang=pt&searchConfigId=5b44b8a0947195000ef22caf&searchType=CATALOG&p=43256&ind=20&ct=https%3A%2F%2Fwww.epocacosmeticos.com.br%2Fprotetor-solar-com-cor-neutrogena-sun-fresh-oily-skin-fps-70%2Fp&redirect=true";"55,90";"O que é e para que serve? 
Protetor Solar Facial Para Pele Oleosa Neutrogena Sun FreshDerm Care FPS 70, 40g, controla a oleosidade por 12h, com complexo antioxidante rejuvenescedor e efeito matte de longa duração. 

Com textura ultraleve e sequinha que não derrete. 

A exclusiva tecnologia HELIOPLEX XP oferece alta proteção ampla e eficaz contra os raios UVB, UVA e ajuda contra a luz visível.

Benefícios e diferenciais: 
Com sílica que atua na oleosidade da pele;
Complexo antioxidante rejuvenescedor formado por:
-> Niacinamida: ativo clareador de sinais causados pelo sol;
-> Feverfew: Poderoso antioxidante; 
-> Vitamina C: Antioxidante;

Dermatologicamente testado. 
Não comedogênico e não obstrui poros.

Como usar: 
Aplique abundantemente antes da exposição ao sol. Reaplicar sempre, após sudorese intensa, nadar ou banhar-se, secar-se com toalha e durante a exposição ao sol. *É necessária a reaplicação do produto a cada 2 horas para manter a efetividade da proteção solar. Uso diário. Conservar em local fresco e ao abrigo da luz solar direta.

Precauções: 
Uso Externo. 
Evite contato com os olhos. 
Caso isso aconteça, enxágue-os com água em abundância. 
Descontinue o uso se surgirem irritações na pele. 
Se a quantidade aplicada não for adequada, o nível de proteção será significativamente reduzido. 
O produto ajuda a prevenir as queimaduras solares, mas não oferece nenhuma proteção contra a insolação. 
Evite exposição prolongada das crianças ao sol. 
Para crianças menores de 6 (seis) meses, consultar um médico. 
Conserve fora do alcance das crianças. 
Em contato com tecido, pode causar manchas.";"Karem y.
22/08/2024
Tem toque seco, absorção rápida, e cobertura razoável, não esfarela no momento que passa.
Sim, eu recomendo este produto
Esta avaliação foi útil?
0
Tauana G.
17/08/2024
Textura sequinha
Textura de protetor solar sequinho e ainda com uma cor que já ajuda a disfarçar manchinhas no dia a dia. Gostei bastante e comprarei novamente!
Sim, eu recomendo este produto
Esta avaliação foi útil?
0
Renata M.
03/08/2024
Ele é bom, gostei bastante que ele segurou o óleo da minha pele petróleo (acima de oleosa) por horas sem o protetor em pó. Eu recomendo.
Sim, eu recomendo este produto
Esta avaliação foi útil?
0
Amilânia D.
02/08/2024
Eu costumo usar o protetor solar Ideal Soleil Clarify da Vichy e comprei esse da Neutrogena para testar, já que a embalagem diz que ele tem cor e efeito de base. Porém quando usei vi que ele tem uma cobertura péssima, quase não tem cor e eu não me sinti segura para usar meu sérum de vitamina c por causa da cobertura fraca desse protetor. Nessa imagem que coloquei, estou usando o protetor, mas nem parece
Não, eu não recomendo este produto
Esta avaliação foi útil?
0";4.7;"2024-09-01 21:12:45.492393";21.3;43;1;26.1;28;1;30.4;46;1;18.3;77;1;24.1;83;1
"Protetor Solar Facial FPS 50 Anasol - 60g";"Marca Anasol";"https://recs.algorecs.com/rrserver/api/find/v1/track/click/c85912f892c73e30?a=c85912f892c73e30&vg=3962ede0-9dbb-4fed-683e-1f646c042df0&pti=2&pa=find&hpi=0&stn=PersonalizedProductSearchAndBrowse&stid=184&rti=2&sgs=&uguid=395eede0-9dbb-4fed-683e-1f646c042df0&channelId=WEB&s=&pg=-1&page=1&query=protetor+solar+facial&lang=pt&searchConfigId=5b44b8a0947195000ef22caf&searchType=CATALOG&p=25771&ind=21&ct=https%3A%2F%2Fwww.epocacosmeticos.com.br%2Fprotetor-solar-facial-fps50-anasol%2Fp&redirect=true";"48,90";"Uso diário, para todo tipo de pele. Loção oil free de toque seco, contém argila que reduz a oleosidade da pele. A ação hidratante da Aloe Vera associada à Pró-Vitamina B5 e Vitamina E neutraliza os radicais livres. Ajuda a prevenir queimaduras solares causadas por raios UVB, assim como manchas e rugas causadas por raios UVA. Contém proteção UVA equivalente a, no mínimo, 1/3 do FPS declarado (proteção UVB). Aumenta a proteção da pele 50 vezes e é indicado para pele muito sensível a queimaduras solares. Oferece alta proteção contra queimaduras solares. 

Benefícios:
• FPS 50 - Dupla proteção UVA/UVB. 
• Contém polímero natural que promove efeito matte e toque seco. 
• Argila mineral que auxilia no controle da oleosidade e repõe minerais à pele. 
• Vitamina E, Aloe Vera e Pantenol com ação hidratante e antioxidante. 
• Resistente à água, dermatologicamente testado, não comedogênico e oil free. 
• Uso diário. 

Ativos:
. Aloe Vera, Argila, Pantenol, Vitamina E, Tinosorb® M, Dióxido de Titânio e Uvinul® A Plus.

Modo de Usar: 
Agite antes de usar. Aplique abundantemente antes da exposição ao sol. Resistente à água: mantém a proteção solar por 40 minutos dentro da água. Reaplicar sempre, após sudorese intensa, nadar ou banhar-se, secar-se com toalha e durante a exposição ao sol. É necessária a reaplicação do produto para manter sua efetividade. Se a quantidade aplicada não for adequada, o nível de proteção será significativamente reduzido.

Registro ANVISA:25351.430393/2013-74";"Thaís S.
21/08/2024
Não deixa oleoso
Espalha bem.
Esta avaliação foi útil?
0
Kailane F.
02/08/2024
Usei por anos mas mudei pra o biore, comprei agora pro meu namorado
Ele é um otimo protetor, excelente custo beneficio, mas ultimamente estava embolotando no meu rosto
Esta avaliação foi útil?
0
Bruna M.
16/07/2024
esse protetor é maravilhoso, se passar depois do hidrante precisa deixar o hidratante secar primeiro, ou vai esfarelar, mas ele é ótimo
Sim, eu recomendo este produto
Esta avaliação foi útil?
0
Danielle N.
05/07/2024
Já faz um tempo que uso esse protetor e sempre recompro.Por ser barato e aceitar maquiagem por cima,apesar de ultimamente estar achando ele um pouco oleoso.
Sim, eu recomendo este produto
Esta avaliação foi útil?
0";4.6;"2024-09-01 21:12:45.492393";21.3;43;1;26.1;28;1;30.4;46;1;18.3;77;1;24.1;83;1
"Protetor Solar Facial Bioderma Photoderm Cover Touch FPS 50+ - Claro";"Marca Bioderma";"https://recs.algorecs.com/rrserver/api/find/v1/track/click/c85912f892c73e30?a=c85912f892c73e30&vg=3962ede0-9dbb-4fed-683e-1f646c042df0&pti=2&pa=find&hpi=0&stn=PersonalizedProductSearchAndBrowse&stid=184&rti=2&sgs=&uguid=395eede0-9dbb-4fed-683e-1f646c042df0&channelId=WEB&s=&pg=-1&page=1&query=protetor+solar+facial&lang=pt&searchConfigId=5b44b8a0947195000ef22caf&searchType=CATALOG&p=42453&ind=22&ct=https%3A%2F%2Fwww.epocacosmeticos.com.br%2Fprotetor-solar-facial-bioderma-photoderm-cover-touch-fps-50-cor%2Fp&redirect=true";"79,90";"Photoderm Cover Touch FPS 50+ é a 1ª² proteção mineral com cobertura total¹ especialmente formulada para peles oleosas. Sua textura revolucionária oferece proteção e cobertura de longa duração em uma fórmula leve e minimalista que deixa a pele respirar, mantendo-a uniforme, confortável e livre de oleosidade o dia todo³.

Com filtros e pigmentos 100% físicos e minerais, Photoderm Cover Touch FPS 50+oferece muito alta proteção contra a radiação UVB, UVA e luz visível. Dia após dia, Photoderm Cover Touch FPS 50+ reduz a oleosidade³ através da patente Fluidactiv™, prevenindo o surgimento de novos cravos e espinhas.

Textura revolucionária:
Tecnologia com pigmentos que se dispersam perfeitamente para uma cobertura total que não obstrui os poros, não craquela e não acumula em linhas de expressão. Alta fixação mesmo em condições extremas: fórmula muito resistente à água, suor e calor. Não transfere4 e não derrete ao longo do dia, com 08h de efeito base com controle do brilho e da oleosidade³. 

Sobre a marca:
Na BIODERMA a pele é nossa paixão, nossa expertise, nosso modelo. É observando a biologia da pele e analisando o que ela faz de melhor que nós encontramos a inspiração para criar cuidados dermatológicos que restauram e fortalecem o equilíbrio natural da pele, preservando sua saúde e a beleza de forma duradoura.";"Euza A.
27/08/2024
Excelente..o produto é perfeito
Sim, eu recomendo este produto
Esta avaliação foi útil?
0
Daniela B.
26/08/2024
Perfeito
O melhor e a cor ideal Poderia ser maior a embalagem Mas é o melhor de todos
Sim, eu recomendo este produto
Esta avaliação foi útil?
0
Camila C.
30/07/2024
péssimo
É horrível! não resiste a água, fui treinar e ele simplesmente derreteu todo. Abre buraco na pele, resseca feito o deserto do saara. Decepcionante, muito dinheiro jogado fora! minha pele é mista.
Não, eu não recomendo este produto
Esta avaliação foi útil?
0
Gabriela M.
30/07/2024
Excelente
Super seco ótimo acabamento e super maravilhoso e é a prova da água
Sim, eu recomendo este produto
Esta avaliação foi útil?
0";4.5;"2024-09-01 21:12:45.492393";21.3;43;1;26.1;28;1;30.4;46;1;18.3;77;1;24.1;83;1
"Protetor Solar Facial Hidratante Garnier Uniform & Matte Vitamina C FPS30 - 15g";"Marca Garnier Skin";"https://recs.algorecs.com/rrserver/api/find/v1/track/click/c85912f892c73e30?a=c85912f892c73e30&vg=3962ede0-9dbb-4fed-683e-1f646c042df0&pti=2&pa=find&hpi=0&stn=PersonalizedProductSearchAndBrowse&stid=184&rti=2&sgs=&uguid=395eede0-9dbb-4fed-683e-1f646c042df0&channelId=WEB&s=&pg=-1&page=1&query=protetor+solar+facial&lang=pt&searchConfigId=5b44b8a0947195000ef22caf&searchType=CATALOG&p=38278&ind=23&ct=https%3A%2F%2Fwww.epocacosmeticos.com.br%2Fhidratante-facial-matte-garnier-skin-uniform-matte%2Fp&redirect=true";"29,32";"Oleosidade, sol, poluição: Nossa pele é exposta diariamente a diversas agressões e merece um cuidado especial.

Pensando nisso, Garnier criou o novo Protetor Hidratante Facial Uniform & Matte, com FPS 30 e Vitamina C com ação antioxidante, que controla a oleosidade, uniformiza e reduz imperfeições da pele.

Benefícios:
• Pele uniformizada e brilho controlado instantaneamente;
• Sensação de pele limpa;
• Efeito Matte por 12h;
• Proteção Solar UVA/UVB;
• Reduz marcas relacionadas a imperfeições em 1 semana, deixando a pele mais lisa e uniforme.

O produto reduz marcas em até uma semana e prolonga a sensação de limpa, garantindo o efeito matte 12 horas graças a combinação de ativos naturais:
• Vitamina c: poderoso anti-oxidante estimulador de colágeno que regenera, unifica e reduz as imperfeições.
• Aha de limão: ativo natural que controla oleosidade sem agredir, garantindo toque seco por 12 horas.
• FPS 30: garante proteção solar diária uva/uvb, prevenindo manchas solares.

Nossa tecnologia: 
O produto reduz marcas em uma semana e prolonga a sensação de limpa, garantindo o efeito matte 12 horas graças à combinação de ativos naturais: 
- Vitamina c: poderoso antioxidante estimulador de colágeno que regenera, unifica e reduz as imperfeições.
- Aha de limão: ativo natural que controla oleosidade sem agredir, garantindo toque seco por 12 horas.
- FPS 30: garante proteção solar diária uva/uvb, prevenindo manchas solares.

Modo de usar:
Aplicar suavemente no rosto com as mãos, evitando o contorno dos olhos. Massagear delicadamente em movimentos circulares. Sem enxágue.";"SEM COMENTARIOS";0;"2024-09-01 21:12:45.492393";21.3;43;1;26.1;28;1;30.4;46;1;18.3;77;1;24.1;83;1
