expressao;importancia
toque seco;19.149.622.263.076.200
todos os tipos de pele;14.239.771.637.340.000
resistente à água;134.193.822.747.863
rápida absorção;12.690.977.538.049.400
textura leve;1.262.750.301.344.760
ação antioxidante;10.996.307.122.290.900
controle de oleosidade;1.067.357.560.067.540
possui textura;9.925.920.386.017.790
radicais livres;961.410.398.411.868
ácido hialurônico;944.996.658.818.204
efeito matte;9.416.556.975.374.230
oil free;880.515.683.287.048
oil control;8.244.127.572.785.180
toque seco;11.851.748.113.091.300
rápida absorção;9.195.971.315.708.560
radicais livres;7.309.831.878.266.470
pele oleosa;6.517.811.449.349.290
linhas de expressão;627.206.860.825.355
efeito matte;620.005.141.931.246
possui textura;6.133.261.264.837.460
textura leve;57.982.628.689.578.500
previne o envelhecimento;53.173.985.713.638.500
alta cobertura;5.228.319.000.754.650
oil free;5.005.742.265.078.850
previne rugas;35.512.494.998.189.200
uso diário;9.328.512.721.884.730
dermatologicamente testado;8.011.578.601.489.420
rápida absorção;7.860.267.385.867.620
oil free;6.349.023.979.575.410
ácido hialurônico;596.853.930.790.262
textura ultraleve;5.371.486.906.565.740
textura leve;5.048.933.536.384.290
water gel;29.192.719.999.646.200
